,file name,index,Unnamed: 0,filepath,blur,brightness,cluster,distance,Labeled,uniqueness,uniqueness punishment,outlier distance
0,3270777_3b513_5fb9583fb7852.jpg,114,114,Kartaview_Dataset/Basic_set/3270777_3b513_5fb9583fb7852.jpg,0.153703473433633,0.360893331628722,23,126.496033,1,0.5773304075231618,1.0,0.0
1,3270777_47ca9_5fb95826c0f6d.jpg,123,123,Kartaview_Dataset/Basic_set/3270777_47ca9_5fb95826c0f6d.jpg,0.165930744419479,0.356447664394235,23,116.862671,1,0.6106408279081493,0.5,0.0
2,3659221_2bc6c_60c3eca265cb6.jpg,213,213,Kartaview_Dataset/Basic_set/3659221_2bc6c_60c3eca265cb6.jpg,0.235289667312802,0.256819885906203,23,80.412537,1,0.639040424072499,1.0,0.0
3,3659221_ddef7_60c3eca426bd1.jpg,282,282,Kartaview_Dataset/Basic_set/3659221_ddef7_60c3eca426bd1.jpg,0.158553187117835,0.317732826326574,23,90.438019,1,0.8432666216872579,1.0,0.0
4,1169139_74922_5add012839c89.jpg,773,773,Kartaview_Dataset/Rest_set/1169139_74922_5add012839c89.jpg,0.176642768178175,0.435836060135931,23,89.896851,0,0.8038756519459201,1.0,0.0
5,1169139_82525_5add0129d4aa0.jpg,781,781,Kartaview_Dataset/Rest_set/1169139_82525_5add0129d4aa0.jpg,0.137535865745205,0.416907097518754,23,97.803528,0,0.6414434786883231,1.0,0.0
6,1360360_09555_5c9f7ad8e3be9.jpg,861,861,Kartaview_Dataset/Rest_set/1360360_09555_5c9f7ad8e3be9.jpg,0.109388668454407,0.391421715138678,23,114.127808,0,0.5089677753466004,1.0,0.0
7,1360360_2f126_5c9f7acc4cb45.jpg,890,890,Kartaview_Dataset/Rest_set/1360360_2f126_5c9f7acc4cb45.jpg,0.133960637084587,0.43076757621514,23,84.273773,0,0.5609435048235092,1.0,0.0
8,1360360_468f6_5c9f7aea75171.jpg,909,909,Kartaview_Dataset/Rest_set/1360360_468f6_5c9f7aea75171.jpg,0.148479156944255,0.435203741392,23,109.341797,0,0.6462694370069983,1.0,0.0
9,1372846_1bc96_5cb0fa3bdaa59.jpg,1117,1117,Kartaview_Dataset/Rest_set/1372846_1bc96_5cb0fa3bdaa59.jpg,0.266658510542105,0.397500872461655,23,101.397095,0,0.5156143386399986,1.0,0.0
10,1372846_2c755_5cb0fa419719f.jpg,1130,1130,Kartaview_Dataset/Rest_set/1372846_2c755_5cb0fa419719f.jpg,0.172936925872572,0.394702516490389,23,83.60141,0,0.5518854738430914,1.0,0.0
11,1372846_2f168_5cb0fa446ad6f.jpg,1134,1134,Kartaview_Dataset/Rest_set/1372846_2f168_5cb0fa446ad6f.jpg,0.16350724349736,0.424373123343619,23,107.205505,0,0.7337104179774377,1.0,0.810807
12,1372846_55242_5cb0fa3e9fb5d.jpg,1160,1160,Kartaview_Dataset/Rest_set/1372846_55242_5cb0fa3e9fb5d.jpg,0.363567168513921,0.403313972171065,23,90.149872,0,0.4984820620894305,0.5,0.0
13,1372846_5a95f_5cb0fa3d73db1.jpg,1169,1169,Kartaview_Dataset/Rest_set/1372846_5a95f_5cb0fa3d73db1.jpg,0.150418388385944,0.386082422575507,23,83.146515,0,0.6224163922765179,1.0,0.0
14,1372846_8f51b_5cb0fa3ea8ba1.jpg,1209,1209,Kartaview_Dataset/Rest_set/1372846_8f51b_5cb0fa3ea8ba1.jpg,0.356860299750306,0.402572379764418,23,92.35968,0,0.7346360910168275,0.5,0.0
15,1372846_9ec47_5cb0fa40ed3ed.jpg,1223,1223,Kartaview_Dataset/Rest_set/1372846_9ec47_5cb0fa40ed3ed.jpg,0.209478889641912,0.376219286758278,23,71.469391,0,0.5554388165953279,1.0,0.0
16,1372846_9f696_5cb0fa3ca9245.jpg,1226,1226,Kartaview_Dataset/Rest_set/1372846_9f696_5cb0fa3ca9245.jpg,0.154864403482013,0.401662773702451,23,96.626892,0,0.5269783845783569,0.5,0.0
17,2095738_3dabd_5e7f48fe94fd2.jpg,1543,1543,Kartaview_Dataset/Rest_set/2095738_3dabd_5e7f48fe94fd2.jpg,0.17635689172519,0.473773025213278,23,92.796722,0,0.6417123903773122,1.0,0.0
18,2095738_aa1d0_5e7f48f524716.jpg,1631,1631,Kartaview_Dataset/Rest_set/2095738_aa1d0_5e7f48f524716.jpg,0.16445888663177,0.505210582873491,23,77.319672,0,0.6509698109401255,1.0,0.0
19,2095738_ae566_5e7f48b2e9329.jpg,1635,1635,Kartaview_Dataset/Rest_set/2095738_ae566_5e7f48b2e9329.jpg,0.171466982324839,0.489790902902792,23,94.33905,0,0.7226328745184964,1.0,0.80335
20,2095738_e8966_5e7f48b698c37.jpg,1677,1677,Kartaview_Dataset/Rest_set/2095738_e8966_5e7f48b698c37.jpg,0.260193866248703,0.467887796248242,23,99.486237,0,0.7581247049170797,1.0,0.80856
21,2819630_0134e_5f1dbfff3e5b6.jpg,1700,1700,Kartaview_Dataset/Rest_set/2819630_0134e_5f1dbfff3e5b6.jpg,0.0457326619242967,0.580466447370694,23,134.919922,0,0.7388257012004595,1.0,0.0
22,2819630_18782_5f1dbff909b14.jpg,1702,1702,Kartaview_Dataset/Rest_set/2819630_18782_5f1dbff909b14.jpg,0.087667853920838,0.384904599341421,23,120.835175,0,0.5756469450386248,1.0,0.791986
23,2819630_24dd8_5f1dc04149eb4.jpg,1707,1707,Kartaview_Dataset/Rest_set/2819630_24dd8_5f1dc04149eb4.jpg,0.0370469276461689,0.449343666964974,23,92.277771,0,0.5492669525959428,1.0,0.0
24,2819630_333f4_5f1dc03a2f450.jpg,1713,1713,Kartaview_Dataset/Rest_set/2819630_333f4_5f1dc03a2f450.jpg,0.0507992264290393,0.522847265653344,23,81.620911,0,0.5804046975501037,1.0,0.0
25,2819630_43e96_5f1dc00c1f975.jpg,1716,1716,Kartaview_Dataset/Rest_set/2819630_43e96_5f1dc00c1f975.jpg,0.01800569348142,0.466787717122017,23,108.152954,0,0.9322886123038092,1.0,0.0
26,2819630_4c668_5f1dc043a84be.jpg,1718,1718,Kartaview_Dataset/Rest_set/2819630_4c668_5f1dc043a84be.jpg,0.0794927863594662,0.46337086358155,23,89.37146,0,0.469393251351672,1.0,0.0
27,2819630_50907_5f1dc044d0fa4.jpg,1721,1721,Kartaview_Dataset/Rest_set/2819630_50907_5f1dc044d0fa4.jpg,0.0468348254701008,0.455402956349275,23,77.884094,0,0.5213998707549868,1.0,0.0
28,2819630_67141_5f1dc049cbf2b.jpg,1727,1727,Kartaview_Dataset/Rest_set/2819630_67141_5f1dc049cbf2b.jpg,0.0223458637355186,0.478024332178113,23,91.742371,0,0.5543572260051507,1.0,0.0
29,2819630_73d7c_5f1dc0473cd5b.jpg,1729,1729,Kartaview_Dataset/Rest_set/2819630_73d7c_5f1dc0473cd5b.jpg,0.0713799581839595,0.558654042175315,23,90.137054,0,0.4008380029636587,1.0,0.0
30,2819630_792b0_5f1dc04613c77.jpg,1731,1731,Kartaview_Dataset/Rest_set/2819630_792b0_5f1dc04613c77.jpg,0.0571232804309188,0.536864960212293,23,68.91333,0,0.5007126279803337,0.5,0.0
31,2819630_7fac4_5f1dc0018ed42.jpg,1732,1732,Kartaview_Dataset/Rest_set/2819630_7fac4_5f1dc0018ed42.jpg,0.163023170093595,0.489819409075674,23,101.188171,0,0.7089107177722963,1.0,0.0
32,2819630_8f150_5f1dc0401fda2.jpg,1740,1740,Kartaview_Dataset/Rest_set/2819630_8f150_5f1dc0401fda2.jpg,0.0646122524811275,0.416261821423512,23,75.333618,0,0.5606362663443164,1.0,0.0
33,2819630_9dfe4_5f1dc04b12640.jpg,1744,1744,Kartaview_Dataset/Rest_set/2819630_9dfe4_5f1dc04b12640.jpg,0.0689054042158317,0.467933578889538,23,76.616089,0,0.630554079237056,0.5,0.0
34,2819630_a5183_5f1dc04890c39.jpg,1747,1747,Kartaview_Dataset/Rest_set/2819630_a5183_5f1dc04890c39.jpg,0.0407384563552887,0.561149196125925,23,76.09201,0,0.4060949363794903,0.5,0.0
35,2819630_aded0_5f1dc0427a62f.jpg,1749,1749,Kartaview_Dataset/Rest_set/2819630_aded0_5f1dc0427a62f.jpg,0.0754239330352064,0.487128599120282,23,79.51532,0,0.4772268422238107,0.5,0.0
36,2819646_005e9_5f1dc079ebb73.jpg,1773,1773,Kartaview_Dataset/Rest_set/2819646_005e9_5f1dc079ebb73.jpg,0.045801837106739,0.43367391011399,23,76.670166,0,0.5574912751757077,1.0,0.0
37,2819646_01996_5f1dc1208fe6e.jpg,1774,1774,Kartaview_Dataset/Rest_set/2819646_01996_5f1dc1208fe6e.jpg,0.0362631726629303,0.644770326628912,23,140.720062,0,0.6987362901915718,1.0,0.810595
38,2819646_01be4_5f1dc0fac3440.jpg,1775,1775,Kartaview_Dataset/Rest_set/2819646_01be4_5f1dc0fac3440.jpg,0.0311744980218058,0.522575161275833,23,101.558838,0,0.7800692961682013,1.0,0.0
39,2819646_03dd5_5f1dc10898d0b.jpg,1777,1777,Kartaview_Dataset/Rest_set/2819646_03dd5_5f1dc10898d0b.jpg,0.0485678640211126,0.473176123229594,23,109.16272,0,0.4223962780441931,1.0,0.0
40,2819646_067d4_5f1dc0be07d55.jpg,1778,1778,Kartaview_Dataset/Rest_set/2819646_067d4_5f1dc0be07d55.jpg,0.058845651082068,0.474428667189568,23,140.148682,0,0.534115030611763,1.0,0.0
41,2819646_06a16_5f1dc0862b402.jpg,1779,1779,Kartaview_Dataset/Rest_set/2819646_06a16_5f1dc0862b402.jpg,0.0435313989459822,0.493124397483164,23,74.440582,0,0.6660903775457209,1.0,0.0
42,2819646_09e16_5f1dc13eeb928.jpg,1780,1780,Kartaview_Dataset/Rest_set/2819646_09e16_5f1dc13eeb928.jpg,0.0548445970802683,0.411599766422147,23,103.613831,0,0.6065499776978969,1.0,0.0
43,2819646_0a05b_5f1dc15046cda.jpg,1781,1781,Kartaview_Dataset/Rest_set/2819646_0a05b_5f1dc15046cda.jpg,0.214413178835025,0.488165187225088,23,72.989838,0,0.2260771012758375,1.0,0.0
44,2819646_0a156_5f1dc0e4253e9.jpg,1782,1782,Kartaview_Dataset/Rest_set/2819646_0a156_5f1dc0e4253e9.jpg,0.059477719163927,0.484903389988632,23,127.214325,0,0.3282325658960658,1.0,0.0
45,2819646_0c184_5f1dc11e466f6.jpg,1785,1785,Kartaview_Dataset/Rest_set/2819646_0c184_5f1dc11e466f6.jpg,0.088617363475275,0.523063221508512,23,70.92041,0,0.4495786755972745,1.0,0.0
46,2819646_0e85b_5f1dc0f4ebabe.jpg,1786,1786,Kartaview_Dataset/Rest_set/2819646_0e85b_5f1dc0f4ebabe.jpg,0.0414312184730326,0.562454001402849,23,171.002014,0,0.8124769388034382,1.0,0.80659
47,2819646_0fa24_5f1dc1053018f.jpg,1787,1787,Kartaview_Dataset/Rest_set/2819646_0fa24_5f1dc1053018f.jpg,0.0300550032928916,0.472916976203392,23,77.201111,0,0.4006765150776982,1.0,0.0
48,2819646_0fb18_5f1dc0ef022f5.jpg,1788,1788,Kartaview_Dataset/Rest_set/2819646_0fb18_5f1dc0ef022f5.jpg,0.0869219616737785,0.486557179927508,23,74.249695,0,0.5200336428354077,1.0,0.0
49,2819646_10402_5f1dc09221434.jpg,1789,1789,Kartaview_Dataset/Rest_set/2819646_10402_5f1dc09221434.jpg,0.0599354485046981,0.528792530346117,23,65.233887,0,0.4811572398468291,1.0,0.0
50,2819646_1241e_5f1dc152aa0c3.jpg,1790,1790,Kartaview_Dataset/Rest_set/2819646_1241e_5f1dc152aa0c3.jpg,0.21714644432982,0.491306913006071,23,67.615204,0,0.3329340135367142,0.5,0.0
51,2819646_12e81_5f1dc0a7914d0.jpg,1791,1791,Kartaview_Dataset/Rest_set/2819646_12e81_5f1dc0a7914d0.jpg,0.117767273563157,0.607697616883947,23,91.582031,0,0.4945153622115464,1.0,0.0
52,2819646_14676_5f1dc08faad59.jpg,1792,1792,Kartaview_Dataset/Rest_set/2819646_14676_5f1dc08faad59.jpg,0.0386981324382347,0.524934694949397,23,96.253113,0,0.8309948031280068,0.5,0.0
53,2819646_151c3_5f1dc0d2594ca.jpg,1794,1794,Kartaview_Dataset/Rest_set/2819646_151c3_5f1dc0d2594ca.jpg,0.0447367686071238,0.582328418753952,23,97.739563,0,0.276071505805102,1.0,0.0
54,2819646_159b7_5f1dc0ff790b6.jpg,1795,1795,Kartaview_Dataset/Rest_set/2819646_159b7_5f1dc0ff790b6.jpg,0.0740271925498631,0.553796763080878,23,103.617554,0,0.3257775266734056,1.0,0.0
55,2819646_16934_5f1dc078be697.jpg,1796,1796,Kartaview_Dataset/Rest_set/2819646_16934_5f1dc078be697.jpg,0.0836095089764428,0.504689697350826,23,67.229492,0,0.8199249972132137,1.0,0.0
56,2819646_176da_5f1dc0c5425de.jpg,1798,1798,Kartaview_Dataset/Rest_set/2819646_176da_5f1dc0c5425de.jpg,0.0991100173267963,0.505178189495216,23,131.09613,0,0.5237955118142444,1.0,0.0
57,2819646_188e5_5f1dc112f0746.jpg,1799,1799,Kartaview_Dataset/Rest_set/2819646_188e5_5f1dc112f0746.jpg,0.076815060410622,0.468381039421446,23,125.987366,0,0.487952225804861,1.0,0.0
58,2819646_1a247_5f1dc1077a171.jpg,1800,1800,Kartaview_Dataset/Rest_set/2819646_1a247_5f1dc1077a171.jpg,0.0335889395373745,0.514643966538936,23,148.011719,0,0.4250890876806522,0.5,0.0
59,2819646_1b4d3_5f1dc14015001.jpg,1801,1801,Kartaview_Dataset/Rest_set/2819646_1b4d3_5f1dc14015001.jpg,0.0486476938100844,0.4882325654519,23,99.970825,0,0.7074213815564475,0.5,0.0
60,2819646_20e76_5f1dc0c7a8d81.jpg,1803,1803,Kartaview_Dataset/Rest_set/2819646_20e76_5f1dc0c7a8d81.jpg,0.028410561484072,0.489885923479066,23,73.703278,0,0.605724063320496,1.0,0.0
61,2819646_22002_5f1dc0cb48401.jpg,1804,1804,Kartaview_Dataset/Rest_set/2819646_22002_5f1dc0cb48401.jpg,0.0696126361267226,0.529729346845835,23,90.175598,0,0.3130276222980823,1.0,0.0
62,2819646_26703_5f1dc089c204d.jpg,1806,1806,Kartaview_Dataset/Rest_set/2819646_26703_5f1dc089c204d.jpg,0.0585765308755343,0.536182971621673,23,103.578735,0,0.5558097030509783,1.0,0.811964
63,2819646_2707b_5f1dc158b86cb.jpg,1807,1807,Kartaview_Dataset/Rest_set/2819646_2707b_5f1dc158b86cb.jpg,0.182657496287372,0.500172764684134,23,86.423676,0,0.4102678656247109,1.0,0.0
64,2819646_27144_5f1dc08e85309.jpg,1808,1808,Kartaview_Dataset/Rest_set/2819646_27144_5f1dc08e85309.jpg,0.0490052578854789,0.556598142434116,23,123.262329,0,0.6278050194014996,1.0,0.0
65,2819646_27e44_5f1dc0fd22265.jpg,1809,1809,Kartaview_Dataset/Rest_set/2819646_27e44_5f1dc0fd22265.jpg,0.0409305217561482,0.536370421303959,23,126.427979,0,0.7893436343127219,1.0,0.0
66,2819646_280b6_5f1dc0a66ef0e.jpg,1810,1810,Kartaview_Dataset/Rest_set/2819646_280b6_5f1dc0a66ef0e.jpg,0.0496116332776688,0.594218084316076,23,122.17627,0,0.5597098334475266,1.0,0.0
67,2819646_2a3b6_5f1dc07c61087.jpg,1811,1811,Kartaview_Dataset/Rest_set/2819646_2a3b6_5f1dc07c61087.jpg,0.0419512802530008,0.451768851218509,23,101.995911,0,0.5265132462920693,1.0,0.0
68,2819646_2b27d_5f1dc0de2cf12.jpg,1812,1812,Kartaview_Dataset/Rest_set/2819646_2b27d_5f1dc0de2cf12.jpg,0.0601314154988407,0.501161842500803,23,69.940674,0,0.5474114825599035,0.5,0.0
69,2819646_2bbf3_5f1dc0c06f047.jpg,1813,1813,Kartaview_Dataset/Rest_set/2819646_2bbf3_5f1dc0c06f047.jpg,0.0646987688166799,0.435347567991542,23,97.863159,0,0.7752910991328579,1.0,0.0
70,2819646_2c92a_5f1dc1425c344.jpg,1815,1815,Kartaview_Dataset/Rest_set/2819646_2c92a_5f1dc1425c344.jpg,0.0329915271750691,0.642735158649809,23,130.271271,0,0.6302772785344056,1.0,0.784028
71,2819646_2f665_5f1dc0e688eaa.jpg,1819,1819,Kartaview_Dataset/Rest_set/2819646_2f665_5f1dc0e688eaa.jpg,0.022609261162126,0.529506048491592,23,131.486115,0,0.7080187009456088,1.0,0.0
72,2819646_31218_5f1dc153dc041.jpg,1821,1821,Kartaview_Dataset/Rest_set/2819646_31218_5f1dc153dc041.jpg,0.210178590879566,0.492931332948644,23,72.378662,0,0.2414514001287364,0.5,0.0
73,2819646_341a3_5f1dc09cf077c.jpg,1822,1822,Kartaview_Dataset/Rest_set/2819646_341a3_5f1dc09cf077c.jpg,0.0542864532241238,0.477773391474408,23,100.763245,0,0.591607278778663,1.0,0.0
74,2819646_34e29_5f1dc09e21856.jpg,1825,1825,Kartaview_Dataset/Rest_set/2819646_34e29_5f1dc09e21856.jpg,0.065723548546814,0.475784869960022,23,110.931519,0,0.6812881924767361,0.5,0.0
75,2819646_351e8_5f1dc0f1749c2.jpg,1826,1826,Kartaview_Dataset/Rest_set/2819646_351e8_5f1dc0f1749c2.jpg,0.0644854440527608,0.501783363451977,23,124.534546,0,0.4711057723365694,1.0,0.0
76,2819646_35a62_5f1dc0b0e65b3.jpg,1827,1827,Kartaview_Dataset/Rest_set/2819646_35a62_5f1dc0b0e65b3.jpg,0.0210814317951378,0.554417852120341,23,84.178345,0,0.44890929181769,1.0,0.0
77,2819646_36375_5f1dc100aba29.jpg,1829,1829,Kartaview_Dataset/Rest_set/2819646_36375_5f1dc100aba29.jpg,0.051430513527575,0.480575634651067,23,109.266846,0,0.5279798903222229,0.5,0.0
78,2819646_36b19_5f1dc0da8ec97.jpg,1830,1830,Kartaview_Dataset/Rest_set/2819646_36b19_5f1dc0da8ec97.jpg,0.0685398209372071,0.508018440902384,23,61.297913,0,0.436055932758838,0.5,0.0
79,2819646_371b9_5f1dc0b2185a7.jpg,1831,1831,Kartaview_Dataset/Rest_set/2819646_371b9_5f1dc0b2185a7.jpg,0.045157299878374,0.518679317648604,23,139.333099,0,0.4259095492629352,1.0,0.0
80,2819646_391a3_5f1dc09bc8153.jpg,1833,1833,Kartaview_Dataset/Rest_set/2819646_391a3_5f1dc09bc8153.jpg,0.0524170117815356,0.513095131145672,23,103.696777,0,0.5310433842565044,1.0,0.0
81,2819646_3a37c_5f1dc0a8cc0ec.jpg,1834,1834,Kartaview_Dataset/Rest_set/2819646_3a37c_5f1dc0a8cc0ec.jpg,0.0655080436762564,0.610517136529019,23,78.469818,0,0.5922665534713822,1.0,0.0
82,2819646_424d6_5f1dc101c279d.jpg,1835,1835,Kartaview_Dataset/Rest_set/2819646_424d6_5f1dc101c279d.jpg,0.0411463589600349,0.484974223509127,23,131.243408,0,0.5088347781019407,0.5,0.0
83,2819646_44ae4_5f1dc111d3fd6.jpg,1837,1837,Kartaview_Dataset/Rest_set/2819646_44ae4_5f1dc111d3fd6.jpg,0.0608896971324074,0.488779365677186,23,142.951477,0,0.4811634124316023,0.5,0.0
84,2819646_473ca_5f1dc0e55fc7f.jpg,1838,1838,Kartaview_Dataset/Rest_set/2819646_473ca_5f1dc0e55fc7f.jpg,0.0399621689019539,0.407971708055326,23,128.36853,0,0.5733666628845965,1.0,0.0
85,2819646_474c5_5f1dc0aa0d9ed.jpg,1839,1839,Kartaview_Dataset/Rest_set/2819646_474c5_5f1dc0aa0d9ed.jpg,0.078232684722363,0.610914927214239,23,83.834015,0,0.4927566748269361,0.5,0.0
86,2819646_493d0_5f1dc109ba02a.jpg,1840,1840,Kartaview_Dataset/Rest_set/2819646_493d0_5f1dc109ba02a.jpg,0.0214016283110137,0.566224590634081,23,114.012543,0,0.5173627626628835,1.0,0.0
87,2819646_4d776_5f1dc13429d9b.jpg,1841,1841,Kartaview_Dataset/Rest_set/2819646_4d776_5f1dc13429d9b.jpg,0.0325785332237218,0.44415554350042,23,86.916809,0,0.5511584896546001,1.0,0.0
88,2819646_506e8_5f1dc07da5c79.jpg,1843,1843,Kartaview_Dataset/Rest_set/2819646_506e8_5f1dc07da5c79.jpg,0.075837604946545,0.459329465707938,23,76.776306,0,0.5295658929688292,0.5,0.0
89,2819646_51c03_5f1dc0766104e.jpg,1844,1844,Kartaview_Dataset/Rest_set/2819646_51c03_5f1dc0766104e.jpg,0.0455009491572811,0.572362056037953,23,55.618744,0,0.8041422409005677,1.0,0.0
90,2819646_54582_5f1dc09f3c476.jpg,1847,1847,Kartaview_Dataset/Rest_set/2819646_54582_5f1dc09f3c476.jpg,0.0703644738170389,0.457682586356427,23,96.334839,0,0.4806272978787995,1.0,0.0
91,2819646_54a22_5f1dc12f81810.jpg,1848,1848,Kartaview_Dataset/Rest_set/2819646_54a22_5f1dc12f81810.jpg,0.0222482208801096,0.421728096029522,23,132.390686,0,0.5596246909580418,1.0,0.0
92,2819646_583ac_5f1dc0a2c83fa.jpg,1849,1849,Kartaview_Dataset/Rest_set/2819646_583ac_5f1dc0a2c83fa.jpg,0.069050590677295,0.451494155370736,23,94.584656,0,0.7821576867303527,0.5,0.0
93,2819646_58d1d_5f1dc10f82646.jpg,1850,1850,Kartaview_Dataset/Rest_set/2819646_58d1d_5f1dc10f82646.jpg,0.0537381863145188,0.486838786362647,23,109.863495,0,0.5683284911204639,1.0,0.0
94,2819646_591b7_5f1dc0cc894f2.jpg,1851,1851,Kartaview_Dataset/Rest_set/2819646_591b7_5f1dc0cc894f2.jpg,0.0413624686772514,0.524163732546448,23,125.278564,0,0.3263112905942611,0.5,0.0
95,2819646_5ba78_5f1dc090dedb6.jpg,1853,1853,Kartaview_Dataset/Rest_set/2819646_5ba78_5f1dc090dedb6.jpg,0.059952068494484,0.526667956642975,23,84.827271,0,0.5383450952619679,0.5,0.0
96,2819646_5d739_5f1dc133067d3.jpg,1854,1854,Kartaview_Dataset/Rest_set/2819646_5d739_5f1dc133067d3.jpg,0.0215665719888892,0.424729450504646,23,96.093597,0,0.5458103802348726,1.0,0.0
97,2819646_5eb68_5f1dc0ced9d4b.jpg,1855,1855,Kartaview_Dataset/Rest_set/2819646_5eb68_5f1dc0ced9d4b.jpg,0.0353614094378784,0.578283565586657,23,101.978271,0,0.2319145591203315,1.0,0.0
98,2819646_61797_5f1dc0df51c42.jpg,1856,1856,Kartaview_Dataset/Rest_set/2819646_61797_5f1dc0df51c42.jpg,0.0476105014301101,0.457717139293254,23,89.886475,0,0.4310206440993286,0.5,0.0
99,2819646_634fa_5f1dc0970c993.jpg,1857,1857,Kartaview_Dataset/Rest_set/2819646_634fa_5f1dc0970c993.jpg,0.0581162060114633,0.574957413505361,23,99.35907,0,0.4836730293620272,0.5,0.0
100,2819646_6425b_5f1dc0dcf00df.jpg,1858,1858,Kartaview_Dataset/Rest_set/2819646_6425b_5f1dc0dcf00df.jpg,0.0555141889183106,0.494813604182288,23,71.140015,0,0.5053465088099391,0.5,0.0
101,2819646_64665_5f1dc0f88264d.jpg,1859,1859,Kartaview_Dataset/Rest_set/2819646_64665_5f1dc0f88264d.jpg,0.0498195110983247,0.547413108002115,23,66.869019,0,0.5604485970947161,1.0,0.0
102,2819646_675c5_5f1dc072ab8ac.jpg,1860,1860,Kartaview_Dataset/Rest_set/2819646_675c5_5f1dc072ab8ac.jpg,0.110128532174878,0.496692852033959,23,95.365387,0,0.4710666281128028,1.0,0.0
103,2819646_68e4c_5f1dc0e087dfe.jpg,1861,1861,Kartaview_Dataset/Rest_set/2819646_68e4c_5f1dc0e087dfe.jpg,0.0319595723683607,0.456607990021112,23,98.986755,0,0.4121795712585335,0.5,0.0
104,2819646_69aaa_5f1dc0f9a2738.jpg,1862,1862,Kartaview_Dataset/Rest_set/2819646_69aaa_5f1dc0f9a2738.jpg,0.0798721847345796,0.547620425623076,23,86.202637,0,0.5449601777451765,0.5,0.0
105,2819646_6bb7d_5f1dc0bf3d04e.jpg,1863,1863,Kartaview_Dataset/Rest_set/2819646_6bb7d_5f1dc0bf3d04e.jpg,0.0863044597617319,0.451922179875679,23,90.76062,0,0.7087390250913362,0.5,0.0
106,2819646_6e265_5f1dc1109c5f4.jpg,1864,1864,Kartaview_Dataset/Rest_set/2819646_6e265_5f1dc1109c5f4.jpg,0.0552316690319494,0.496788736433653,23,135.197449,0,0.56033917697569,1.0,0.0
107,2819646_6e2ce_5f1dc0889076b.jpg,1865,1865,Kartaview_Dataset/Rest_set/2819646_6e2ce_5f1dc0889076b.jpg,0.0335779426275161,0.537988794482587,23,99.901367,0,0.5768216952524862,0.5,0.0
108,2819646_6f79e_5f1dc10411062.jpg,1866,1866,Kartaview_Dataset/Rest_set/2819646_6f79e_5f1dc10411062.jpg,0.0316374017925103,0.523691653047051,23,103.885437,0,0.5329534354763009,1.0,0.0
109,2819646_70d2c_5f1dc0d00546b.jpg,1869,1869,Kartaview_Dataset/Rest_set/2819646_70d2c_5f1dc0d00546b.jpg,0.0269761310758808,0.579748610108116,23,90.236877,0,0.2367747935708039,0.5,0.0
110,2819646_723ca_5f1dc0983f0d7.jpg,1870,1870,Kartaview_Dataset/Rest_set/2819646_723ca_5f1dc0983f0d7.jpg,0.0504233707272137,0.555943796192957,23,102.483215,0,0.3439640752944315,0.5,0.0
111,2819646_78f4c_5f1dc14f06d47.jpg,1873,1873,Kartaview_Dataset/Rest_set/2819646_78f4c_5f1dc14f06d47.jpg,0.209174532132499,0.491663672078808,23,67.149536,0,0.2243543878113418,0.5,0.0
112,2819646_7f7bd_5f1dc1551382f.jpg,1877,1877,Kartaview_Dataset/Rest_set/2819646_7f7bd_5f1dc1551382f.jpg,0.223266811234323,0.493408595388565,23,74.547302,0,0.2448673564792133,0.5,0.0
113,2819646_80286_5f1dc08ae4af1.jpg,1878,1878,Kartaview_Dataset/Rest_set/2819646_80286_5f1dc08ae4af1.jpg,0.0731302813914153,0.499268341562691,23,75.821777,0,0.4262738002268003,0.5,0.0
114,2819646_80853_5f1dc11ac8079.jpg,1879,1879,Kartaview_Dataset/Rest_set/2819646_80853_5f1dc11ac8079.jpg,0.0604503624413993,0.556267729975709,23,74.849915,0,0.4727425344101669,0.5,0.0
115,2819646_81af7_5f1dc095cf835.jpg,1880,1880,Kartaview_Dataset/Rest_set/2819646_81af7_5f1dc095cf835.jpg,0.0645392122620683,0.560956131591405,23,62.177368,0,0.4669662177411938,0.5,0.0
116,2819646_822b7_5f1dc0d82a891.jpg,1881,1881,Kartaview_Dataset/Rest_set/2819646_822b7_5f1dc0d82a891.jpg,0.0434975740597513,0.532452550179502,23,106.259644,0,0.415482470840478,0.5,0.0
117,2819646_86693_5f1dc102e4dbb.jpg,1883,1883,Kartaview_Dataset/Rest_set/2819646_86693_5f1dc102e4dbb.jpg,0.0956957642841052,0.471643700481322,23,98.202026,0,0.5997527199614654,0.5,0.0
118,2819646_87adb_5f1dc0afc6a75.jpg,1884,1884,Kartaview_Dataset/Rest_set/2819646_87adb_5f1dc0afc6a75.jpg,0.0150111907266559,0.516749104215113,23,99.277191,0,0.4714731346010202,0.5,0.0
119,2819646_8caca_5f1dc09a9eeb2.jpg,1886,1886,Kartaview_Dataset/Rest_set/2819646_8caca_5f1dc09a9eeb2.jpg,0.0341844310130379,0.499346085670552,23,96.389526,0,0.5128127144206668,1.0,0.0
120,2819646_8ee5b_5f1dc10e50540.jpg,1887,1887,Kartaview_Dataset/Rest_set/2819646_8ee5b_5f1dc10e50540.jpg,0.0569537837864353,0.506999993089413,23,95.784851,0,0.722438123798087,0.5,0.0
121,2819646_92dfc_5f1dc0f042813.jpg,1889,1889,Kartaview_Dataset/Rest_set/2819646_92dfc_5f1dc0f042813.jpg,0.0642045592463786,0.508328121598695,23,113.085449,0,0.5090556962889266,0.5,0.0
122,2819646_937e9_5f1dc0a067612.jpg,1890,1890,Kartaview_Dataset/Rest_set/2819646_937e9_5f1dc0a067612.jpg,0.0742327673005486,0.448627989260947,23,89.808594,0,0.512299341334586,0.5,0.0
123,2819646_944e4_5f1dc0b33d03f.jpg,1892,1892,Kartaview_Dataset/Rest_set/2819646_944e4_5f1dc0b33d03f.jpg,0.063614853693974,0.522516853194937,23,113.93103,0,0.4066426848889058,0.5,0.0
124,2819646_9d053_5f1dc0935daea.jpg,1893,1893,Kartaview_Dataset/Rest_set/2819646_9d053_5f1dc0935daea.jpg,0.0286482928076767,0.540459761377418,23,81.620178,0,0.4055889425907844,0.5,0.0
125,2819646_9d32b_5f1dc0e1b7568.jpg,1894,1894,Kartaview_Dataset/Rest_set/2819646_9d32b_5f1dc0e1b7568.jpg,0.0742336346905375,0.494536316864252,23,93.54126,0,0.5607335699639995,0.5,0.0
126,2819646_a4e23_5f1dc0f3c78de.jpg,1897,1897,Kartaview_Dataset/Rest_set/2819646_a4e23_5f1dc0f3c78de.jpg,0.0467065580984195,0.48671353196665,23,179.89447,0,0.6550244328965935,1.0,0.0
127,2819646_a7d81_5f1dc0c2e1104.jpg,1898,1898,Kartaview_Dataset/Rest_set/2819646_a7d81_5f1dc0c2e1104.jpg,0.0133599061745911,0.442827846902847,23,114.896118,0,0.6696245567193334,1.0,0.0
128,2819646_a8e01_5f1dc1563b271.jpg,1899,1899,Kartaview_Dataset/Rest_set/2819646_a8e01_5f1dc1563b271.jpg,0.211754465675936,0.506092546585997,23,84.417603,0,0.2521575452158722,0.5,0.0
129,2819646_a9d66_5f1dc0a198c38.jpg,1900,1900,Kartaview_Dataset/Rest_set/2819646_a9d66_5f1dc0a198c38.jpg,0.0807978593426569,0.460878733012912,23,118.947083,0,0.7004754603764423,0.5,0.0
130,2819646_ac757_5f1dc07404d6a.jpg,1901,1901,Kartaview_Dataset/Rest_set/2819646_ac757_5f1dc07404d6a.jpg,0.109828375358744,0.577353659674304,23,91.835602,0,0.6686057397465133,1.0,0.0
131,2819646_adc7c_5f1dc0f62cade.jpg,1902,1902,Kartaview_Dataset/Rest_set/2819646_adc7c_5f1dc0f62cade.jpg,0.0508205987854307,0.516515008068111,23,75.488892,0,0.4228959743463092,0.5,0.0
132,2819646_af30d_5f1dc0d13462f.jpg,1904,1904,Kartaview_Dataset/Rest_set/2819646_af30d_5f1dc0d13462f.jpg,0.063185791426167,0.591763530066238,23,89.488586,0,0.3022778037756337,0.5,0.0
133,2819646_b49fc_5f1dc1390a5da.jpg,1908,1908,Kartaview_Dataset/Rest_set/2819646_b49fc_5f1dc1390a5da.jpg,0.0318125181935881,0.464876939715491,23,111.065002,0,0.5918932429206445,1.0,0.0
134,2819646_b5068_5f1dc0f75263c.jpg,1909,1909,Kartaview_Dataset/Rest_set/2819646_b5068_5f1dc0f75263c.jpg,0.0956698256677726,0.514654764331694,23,79.766479,0,0.4446614482779111,0.5,0.0
135,2819646_b52c8_5f1dc119aaa62.jpg,1910,1910,Kartaview_Dataset/Rest_set/2819646_b52c8_5f1dc119aaa62.jpg,0.0872492701228961,0.539501781203893,23,76.783875,0,0.6459956999403896,0.5,0.0
136,2819646_b6d63_5f1dc1517c93d.jpg,1911,1911,Kartaview_Dataset/Rest_set/2819646_b6d63_5f1dc1517c93d.jpg,0.207391729988794,0.501243905725767,23,69.983124,0,0.1967511844560842,0.5,0.0
137,2819646_bbbfb_5f1dc0d5cdbdf.jpg,1914,1914,Kartaview_Dataset/Rest_set/2819646_bbbfb_5f1dc0d5cdbdf.jpg,0.0534003362522037,0.585921060360525,23,81.878174,0,0.3023792137362062,0.5,0.0
138,2819646_bde78_5f1dc13550206.jpg,1915,1915,Kartaview_Dataset/Rest_set/2819646_bde78_5f1dc13550206.jpg,0.0204308195135177,0.462297562981366,23,98.365234,0,0.5457078422876931,1.0,0.0
139,2819646_bf1b0_5f1dc0c1ae2e2.jpg,1916,1916,Kartaview_Dataset/Rest_set/2819646_bf1b0_5f1dc0c1ae2e2.jpg,0.0652020311468645,0.464186744802374,23,67.275024,0,0.8654625463497747,0.5,0.0
140,2819646_c1236_5f1dc0d4a030e.jpg,1917,1917,Kartaview_Dataset/Rest_set/2819646_c1236_5f1dc0d4a030e.jpg,0.0359135546774334,0.584488841129052,23,88.006653,0,0.315865536796895,0.5,0.0
141,2819646_c2759_5f1dc07b26236.jpg,1918,1918,Kartaview_Dataset/Rest_set/2819646_c2759_5f1dc07b26236.jpg,0.0577413207229585,0.45592340996023,23,81.407593,0,0.8237630523725183,1.0,0.0
142,2819646_c2e78_5f1dc121b5444.jpg,1919,1919,Kartaview_Dataset/Rest_set/2819646_c2e78_5f1dc121b5444.jpg,0.0497290632594897,0.645001831305652,23,160.664215,0,0.6380316440325047,1.0,0.803195
143,2819646_c3d76_5f1dc11f6e3cf.jpg,1920,1920,Kartaview_Dataset/Rest_set/2819646_c3d76_5f1dc11f6e3cf.jpg,0.0311234682391297,0.5163850026433,23,83.845245,0,0.4441371708193915,0.5,0.0
144,2819646_c4446_5f1dc143811ec.jpg,1921,1921,Kartaview_Dataset/Rest_set/2819646_c4446_5f1dc143811ec.jpg,0.0421756551001109,0.487249966310887,23,117.364166,0,0.5137306746396718,1.0,0.0
145,2819646_c8943_5f1dc144a00e3.jpg,1923,1923,Kartaview_Dataset/Rest_set/2819646_c8943_5f1dc144a00e3.jpg,0.0285504538756035,0.416027293364799,23,104.026703,0,0.5335471221335379,0.5,0.0
146,2819646_ca5e0_5f1dc0e8c9612.jpg,1924,1924,Kartaview_Dataset/Rest_set/2819646_ca5e0_5f1dc0e8c9612.jpg,0.0698518828903077,0.539190372860741,23,104.736328,0,0.5632284184546762,1.0,0.0
147,2819646_cb36c_5f1dc0ab37d8b.jpg,1926,1926,Kartaview_Dataset/Rest_set/2819646_cb36c_5f1dc0ab37d8b.jpg,0.0614806123781297,0.575590596072713,23,95.865601,0,0.4815286541110706,1.0,0.0
148,2819646_cccb4_5f1dc0fe4d94f.jpg,1928,1928,Kartaview_Dataset/Rest_set/2819646_cccb4_5f1dc0fe4d94f.jpg,0.0753790580657844,0.573700118516573,23,102.356934,0,0.3339940239446675,0.5,0.0
149,2819646_cff1f_5f1dc08c17d5d.jpg,1930,1930,Kartaview_Dataset/Rest_set/2819646_cff1f_5f1dc08c17d5d.jpg,0.0940553470319004,0.487545393920756,23,99.598877,0,0.4217979246152178,0.5,0.0
150,2819646_d019f_5f1dc07ee0286.jpg,1931,1931,Kartaview_Dataset/Rest_set/2819646_d019f_5f1dc07ee0286.jpg,0.0141631591542452,0.329830241421369,23,104.242493,0,0.6473408141608589,1.0,0.0
151,2819646_d063b_5f1dc11894b40.jpg,1932,1932,Kartaview_Dataset/Rest_set/2819646_d063b_5f1dc11894b40.jpg,0.0732778440361814,0.503905777596567,23,102.629547,0,0.4329279565719197,0.5,0.0
152,2819646_d1b14_5f1dc0d6f2dcb.jpg,1933,1933,Kartaview_Dataset/Rest_set/2819646_d1b14_5f1dc0d6f2dcb.jpg,0.0727565293595626,0.537816893621873,23,87.283447,0,0.4839664622082804,0.5,0.0
153,2819646_d3c36_5f1dc1481d618.jpg,1935,1935,Kartaview_Dataset/Rest_set/2819646_d3c36_5f1dc1481d618.jpg,0.0115651300610411,0.445646934636209,23,109.124451,0,0.6011243307165878,1.0,0.0
154,2819646_d7a4e_5f1dc0dbc5f02.jpg,1939,1939,Kartaview_Dataset/Rest_set/2819646_d7a4e_5f1dc0dbc5f02.jpg,0.0652111836067466,0.512706410606369,23,75.974152,0,0.504000157006999,0.5,0.0
155,2819646_d87cf_5f1dc0c8d0177.jpg,1940,1940,Kartaview_Dataset/Rest_set/2819646_d87cf_5f1dc0c8d0177.jpg,0.0402751537845894,0.484230471543929,23,72.24585,0,0.6226527469293103,0.5,0.0
156,2819646_d9bcf_5f1dc0d379952.jpg,1941,1941,Kartaview_Dataset/Rest_set/2819646_d9bcf_5f1dc0d379952.jpg,0.0599483363911988,0.580658648081794,23,90.050537,0,0.2710886864566047,0.5,0.0
157,2819646_db43f_5f1dc0ca0bc40.jpg,1942,1942,Kartaview_Dataset/Rest_set/2819646_db43f_5f1dc0ca0bc40.jpg,0.0720378485654858,0.477516835918469,23,80.937805,0,0.5059867578251126,0.5,0.0
158,2819646_de6a7_5f1dc08d4eca0.jpg,1943,1943,Kartaview_Dataset/Rest_set/2819646_de6a7_5f1dc08d4eca0.jpg,0.0652377802430707,0.549794669172906,23,130.62677,0,0.6494954975331794,0.5,0.0
159,2819646_e0a07_5f1dc0fbebb60.jpg,1944,1944,Kartaview_Dataset/Rest_set/2819646_e0a07_5f1dc0fbebb60.jpg,0.0537233742180429,0.525019349644623,23,103.327637,0,0.6390831200207567,0.5,0.0
160,2819646_e0f4b_5f1dc0bcc71f9.jpg,1945,1945,Kartaview_Dataset/Rest_set/2819646_e0f4b_5f1dc0bcc71f9.jpg,0.0874959412130523,0.505546178272422,23,120.841003,0,0.7563585756301261,1.0,0.80824
161,2819646_e3ba4_5f1dc0d95c421.jpg,1946,1946,Kartaview_Dataset/Rest_set/2819646_e3ba4_5f1dc0d95c421.jpg,0.0813339728224184,0.514497980380842,23,69.111877,0,0.3947038231283438,0.5,0.0
162,2819646_e3cfa_5f1dc12c0a201.jpg,1947,1947,Kartaview_Dataset/Rest_set/2819646_e3cfa_5f1dc12c0a201.jpg,0.0184162148727992,0.414101399048412,23,119.373657,0,0.5822843336569233,1.0,0.0
163,2819646_e4a38_5f1dc13a4f103.jpg,1948,1948,Kartaview_Dataset/Rest_set/2819646_e4a38_5f1dc13a4f103.jpg,0.0770765934472535,0.451493291547315,23,94.745911,0,0.6413235850782734,1.0,0.0
164,2819646_e5401_5f1dc0ba7168f.jpg,1949,1949,Kartaview_Dataset/Rest_set/2819646_e5401_5f1dc0ba7168f.jpg,0.104347756759334,0.506279132444862,23,96.481079,0,0.6851568761072957,1.0,0.0
165,2819646_e76c9_5f1dc0949554b.jpg,1951,1951,Kartaview_Dataset/Rest_set/2819646_e76c9_5f1dc0949554b.jpg,0.032165705439039,0.544568105566133,23,71.081299,0,0.383372362423711,0.5,0.0
166,2819646_e7fbe_5f1dc084ee10e.jpg,1952,1952,Kartaview_Dataset/Rest_set/2819646_e7fbe_5f1dc084ee10e.jpg,0.0395378822640854,0.515225319701048,23,156.232544,0,0.7961214820447154,1.0,0.811662
167,2819646_e8a9f_5f1dc0c67942c.jpg,1953,1953,Kartaview_Dataset/Rest_set/2819646_e8a9f_5f1dc0c67942c.jpg,0.086461311123045,0.492808670022909,23,92.588318,0,0.5698936208398421,0.5,0.0
168,2819646_eab0f_5f1dc141391ba.jpg,1956,1956,Kartaview_Dataset/Rest_set/2819646_eab0f_5f1dc141391ba.jpg,0.0744974475338062,0.573061321096987,23,110.553101,0,0.5687831595123818,1.0,0.0
169,2819646_eb59f_5f1dc11bee35d.jpg,1957,1957,Kartaview_Dataset/Rest_set/2819646_eb59f_5f1dc11bee35d.jpg,0.110385276288238,0.547735746049735,23,88.284302,0,0.4373935806208736,0.5,0.0
170,2819646_ecc3f_5f1dc11d174b7.jpg,1958,1958,Kartaview_Dataset/Rest_set/2819646_ecc3f_5f1dc11d174b7.jpg,0.0811068994286765,0.518792046605001,23,80.976074,0,0.4119688596829661,0.5,0.0
171,2819646_eccc4_5f1dc07530996.jpg,1959,1959,Kartaview_Dataset/Rest_set/2819646_eccc4_5f1dc07530996.jpg,0.0825819841730107,0.49010922183331,23,76.430878,0,0.6725316088694385,0.5,0.0
172,2819646_ecded_5f1dc1064ff53.jpg,1960,1960,Kartaview_Dataset/Rest_set/2819646_ecded_5f1dc1064ff53.jpg,0.0547648570212953,0.516921436987537,23,81.168121,0,0.7101024786810558,1.0,0.0
173,2819646_f2bb3_5f1dc0997201d.jpg,1961,1961,Kartaview_Dataset/Rest_set/2819646_f2bb3_5f1dc0997201d.jpg,0.0446894975143993,0.546919432917201,23,136.240662,0,0.34288351727673,0.5,0.0
174,2819646_f93f1_5f1dc0717e5f5.jpg,1967,1967,Kartaview_Dataset/Rest_set/2819646_f93f1_5f1dc0717e5f5.jpg,0.124959521800521,0.471083942904727,23,92.657166,0,0.4571270915429166,0.5,0.0
175,2819646_fa479_5f1dc0e2e0764.jpg,1968,1968,Kartaview_Dataset/Rest_set/2819646_fa479_5f1dc0e2e0764.jpg,0.0463378542098351,0.452468980100964,23,128.969055,0,0.3352655803053346,0.5,0.0
176,2819646_fb204_5f1dc08758b83.jpg,1969,1969,Kartaview_Dataset/Rest_set/2819646_fb204_5f1dc08758b83.jpg,0.0239143075586504,0.477141936553897,23,105.759735,0,0.5811857964215469,0.5,0.0
177,2819646_fc941_5f1dc0778b6b1.jpg,1970,1970,Kartaview_Dataset/Rest_set/2819646_fc941_5f1dc0778b6b1.jpg,0.0937573337657389,0.507998572963709,23,75.252808,0,0.5549944175205399,1.0,0.0
178,2819646_ff40d_5f1dc0cdb3c77.jpg,1972,1972,Kartaview_Dataset/Rest_set/2819646_ff40d_5f1dc0cdb3c77.jpg,0.0377203346708288,0.536433912325378,23,93.854736,0,0.39394729763092,0.5,0.0
179,2828646_4f8a0_5f20a4146e601.jpg,2029,2029,Kartaview_Dataset/Rest_set/2828646_4f8a0_5f20a4146e601.jpg,0.115784689238693,0.280917535960969,23,132.76886,0,0.6387099864989828,1.0,0.807472
180,2865162_13b06_5f2a0d51df289.jpg,2585,2585,Kartaview_Dataset/Rest_set/2865162_13b06_5f2a0d51df289.jpg,0.0602711816037072,0.292106640728929,23,118.724701,0,0.8915208526577371,1.0,0.806592
181,2865162_1b30f_5f2a0d42e4d45.jpg,2590,2590,Kartaview_Dataset/Rest_set/2865162_1b30f_5f2a0d42e4d45.jpg,0.0963570477889212,0.437458320519952,23,115.129883,0,0.6315882650613057,1.0,0.0
182,2865162_3c3f5_5f2a0ce7f0dbd.jpg,2625,2625,Kartaview_Dataset/Rest_set/2865162_3c3f5_5f2a0ce7f0dbd.jpg,0.164599839166621,0.349466243508367,23,67.149292,0,0.6213630650068409,1.0,0.0
183,2865162_98111_5f2a096a0902e.jpg,2688,2688,Kartaview_Dataset/Rest_set/2865162_98111_5f2a096a0902e.jpg,0.23233930174747,0.319350335681781,23,93.307495,0,0.7559902969548006,1.0,0.0
184,2865162_9ba64_5f2a0d1db4ad8.jpg,2690,2690,Kartaview_Dataset/Rest_set/2865162_9ba64_5f2a0d1db4ad8.jpg,0.0759921366212213,0.411277560286236,23,105.428772,0,0.5915239900392932,1.0,0.0
185,2865162_a75a3_5f2a0d33c9ef1.jpg,2698,2698,Kartaview_Dataset/Rest_set/2865162_a75a3_5f2a0d33c9ef1.jpg,0.0857583231087661,0.437906212963571,23,140.926208,0,0.621363333034307,1.0,0.0
186,2865162_ae85f_5f2a0cefcd683.jpg,2704,2704,Kartaview_Dataset/Rest_set/2865162_ae85f_5f2a0cefcd683.jpg,0.109835361005321,0.354504925521145,23,93.105713,0,0.6229624854953707,1.0,0.0
187,2865162_b8e28_5f2a0d0d57549.jpg,2710,2710,Kartaview_Dataset/Rest_set/2865162_b8e28_5f2a0d0d57549.jpg,0.0875543986456327,0.387886085877869,23,81.561035,0,0.5737073888090434,1.0,0.0
188,2865162_bbf1f_5f2a0d15703a1.jpg,2715,2715,Kartaview_Dataset/Rest_set/2865162_bbf1f_5f2a0d15703a1.jpg,0.0966144931256053,0.38823507053982,23,76.547852,0,0.5885664367148461,0.5,0.0
189,2865162_fb673_5f2a09bcad2fc.jpg,2767,2767,Kartaview_Dataset/Rest_set/2865162_fb673_5f2a09bcad2fc.jpg,0.18502769094351,0.346585392400427,23,120.518799,0,0.7567991463846746,1.0,0.797104
190,2907442_0c4fb_5f34c5aacc519.jpg,2775,2775,Kartaview_Dataset/Rest_set/2907442_0c4fb_5f34c5aacc519.jpg,0.0951156664882435,0.39210543137614,23,124.170349,0,0.7441624959592673,1.0,0.0
191,2907442_33ee9_5f34c346a29f2.jpg,2792,2792,Kartaview_Dataset/Rest_set/2907442_33ee9_5f34c346a29f2.jpg,0.0931469138769344,0.469321311214847,23,107.069458,0,0.7242428651162313,1.0,0.0
192,2907442_4052b_5f34c74a2a32f.jpg,2796,2796,Kartaview_Dataset/Rest_set/2907442_4052b_5f34c74a2a32f.jpg,0.12354532052207,0.459748420066963,23,88.128113,0,0.6271907021877802,1.0,0.0
193,2907442_46f7e_5f34c3f01152c.jpg,2800,2800,Kartaview_Dataset/Rest_set/2907442_46f7e_5f34c3f01152c.jpg,0.0934580077829275,0.462615450000173,23,102.091248,0,0.5707975467946597,1.0,0.0
194,2907442_52b55_5f34c48fb675d.jpg,2806,2806,Kartaview_Dataset/Rest_set/2907442_52b55_5f34c48fb675d.jpg,0.0820597456097371,0.470017552891908,23,111.974609,0,0.6842797592418705,1.0,0.0
195,2907442_539bc_5f34c548878e5.jpg,2807,2807,Kartaview_Dataset/Rest_set/2907442_539bc_5f34c548878e5.jpg,0.0367445907233963,0.442630895162934,23,131.208191,0,0.4949895805037741,1.0,0.0
196,2907442_56bf2_5f34ca0a3a534.jpg,2809,2809,Kartaview_Dataset/Rest_set/2907442_56bf2_5f34ca0a3a534.jpg,0.12935973471718,0.450421718593972,23,129.014893,0,0.6475593661553194,1.0,0.0
197,2907442_5ceda_5f34c76baf060.jpg,2812,2812,Kartaview_Dataset/Rest_set/2907442_5ceda_5f34c76baf060.jpg,0.0447709956166829,0.408525850779687,23,117.76355,0,0.5278530048279031,1.0,0.0
198,2907442_66074_5f34c839c10a7.jpg,2813,2813,Kartaview_Dataset/Rest_set/2907442_66074_5f34c839c10a7.jpg,0.100982944946006,0.3135091617112,23,79.595093,0,0.7384174480935751,1.0,0.0
199,2907442_728cb_5f34c36cdd34c.jpg,2817,2817,Kartaview_Dataset/Rest_set/2907442_728cb_5f34c36cdd34c.jpg,0.0744018850850371,0.489676446299553,23,80.804443,0,0.5283652204417129,0.5,0.0
200,2907442_7cede_5f34c42dba050.jpg,2820,2820,Kartaview_Dataset/Rest_set/2907442_7cede_5f34c42dba050.jpg,0.0865455542986266,0.464150464218706,23,107.45105,0,0.5005603868489563,0.5,0.0
201,2907442_9ba2b_5f34c252b63fa.jpg,2828,2828,Kartaview_Dataset/Rest_set/2907442_9ba2b_5f34c252b63fa.jpg,0.142725423491697,0.365706987640414,23,81.227203,0,0.5101254122556869,1.0,0.0
202,2907442_9f529_5f34c8293d0e0.jpg,2830,2830,Kartaview_Dataset/Rest_set/2907442_9f529_5f34c8293d0e0.jpg,0.10537707283941,0.324868007781321,23,85.029785,0,0.7199318077714427,0.5,0.0
203,2907442_a16a6_5f34caa068d2c.jpg,2831,2831,Kartaview_Dataset/Rest_set/2907442_a16a6_5f34caa068d2c.jpg,0.0971324412656008,0.393909094678502,23,127.45636,0,0.8115965158175505,1.0,0.0
204,2907442_a3e91_5f34c4457d373.jpg,2833,2833,Kartaview_Dataset/Rest_set/2907442_a3e91_5f34c4457d373.jpg,0.0730090328996437,0.459329465707938,23,98.807861,0,0.5468941973063635,0.5,0.0
205,2907442_b02c0_5f34c49da3cf2.jpg,2836,2836,Kartaview_Dataset/Rest_set/2907442_b02c0_5f34c49da3cf2.jpg,0.0859336821131742,0.457693816060896,23,114.149231,0,0.6934436696904586,1.0,0.0
206,2907442_b6ffc_5f34c6d5d3321.jpg,2840,2840,Kartaview_Dataset/Rest_set/2907442_b6ffc_5f34c6d5d3321.jpg,0.149088878933069,0.452121723085854,23,81.412842,0,0.5005064195868392,1.0,0.0
207,2907442_cac8a_5f34c4af634a6.jpg,2851,2851,Kartaview_Dataset/Rest_set/2907442_cac8a_5f34c4af634a6.jpg,0.0534915119010293,0.433411739705816,23,100.689941,0,0.5256999423237483,0.5,0.0
208,2907442_f5f1a_5f34c6984cf14.jpg,2859,2859,Kartaview_Dataset/Rest_set/2907442_f5f1a_5f34c6984cf14.jpg,0.15738143629626,0.398691653047051,23,92.866394,0,0.504034782642007,1.0,0.0
209,2907442_fb1cc_5f34c66105810.jpg,2861,2861,Kartaview_Dataset/Rest_set/2907442_fb1cc_5f34c66105810.jpg,0.174795573128633,0.381921817069842,23,93.487244,0,0.6346450972970122,0.5,0.0
210,2912526_4731a_5f36a2d6e5c74.jpg,2921,2921,Kartaview_Dataset/Rest_set/2912526_4731a_5f36a2d6e5c74.jpg,0.0784220083732579,0.32082747373113,23,101.074524,0,0.63556051486625,1.0,0.80314
211,2912526_8769e_5f36a40bc84f5.jpg,2971,2971,Kartaview_Dataset/Rest_set/2912526_8769e_5f36a40bc84f5.jpg,0.0737048724240146,0.514616324189474,23,77.64212,0,0.4954077968906012,1.0,0.0
212,2912526_9582d_5f36a41148958.jpg,2986,2986,Kartaview_Dataset/Rest_set/2912526_9582d_5f36a41148958.jpg,0.104991945037704,0.497730735873896,23,86.540222,0,0.6375373131818265,1.0,0.0
213,2912526_b31db_5f36a409f39b1.jpg,3012,3012,Kartaview_Dataset/Rest_set/2912526_b31db_5f36a409f39b1.jpg,0.0727608862495064,0.51362033578544,23,73.827759,0,0.4809479972976022,1.0,0.0
214,2912930_066d8_5f36bff085707.jpg,3069,3069,Kartaview_Dataset/Rest_set/2912930_066d8_5f36bff085707.jpg,0.128265899444602,0.476864649235862,23,77.323608,0,0.7202809120153967,1.0,0.0
215,2912930_28bc5_5f36bfedc3882.jpg,3087,3087,Kartaview_Dataset/Rest_set/2912930_28bc5_5f36bfedc3882.jpg,0.108075237287991,0.451263514517416,23,123.135498,0,0.7941834944753474,1.0,0.0
216,2912930_34948_5f36c0160632e.jpg,3100,3100,Kartaview_Dataset/Rest_set/2912930_34948_5f36c0160632e.jpg,0.0668881907584801,0.472302365839585,23,116.855988,0,0.8443203343462716,1.0,0.802884
217,2912930_3c757_5f36bfea62d73.jpg,3106,3106,Kartaview_Dataset/Rest_set/2912930_3c757_5f36bfea62d73.jpg,0.0576553892940653,0.515435660703982,23,114.358368,0,0.6984228974478045,1.0,0.0
218,2912930_5db2a_5f36bfe9b1630.jpg,3133,3133,Kartaview_Dataset/Rest_set/2912930_5db2a_5f36bfe9b1630.jpg,0.126795979160201,0.508838641240312,23,100.120056,0,0.6898582244919396,1.0,0.0
219,2912930_7b1bb_5f36bf518f959.jpg,3152,3152,Kartaview_Dataset/Rest_set/2912930_7b1bb_5f36bf518f959.jpg,0.153181331247025,0.439670572300293,23,99.11969,0,0.6792812996103961,1.0,0.0
220,2912930_7d1d4_5f36bfef266ab.jpg,3155,3155,Kartaview_Dataset/Rest_set/2912930_7d1d4_5f36bfef266ab.jpg,0.128899303506444,0.482208692827847,23,82.848663,0,0.6112523224634013,1.0,0.0
221,2912930_cda51_5f36bf3b8f707.jpg,3217,3217,Kartaview_Dataset/Rest_set/2912930_cda51_5f36bf3b8f707.jpg,0.13201807566294,0.388835427817187,23,151.782959,0,0.6250492171083172,1.0,0.0
222,2912930_fcd58_5f36bfb7aa7de.jpg,3257,3257,Kartaview_Dataset/Rest_set/2912930_fcd58_5f36bfb7aa7de.jpg,0.0978220794500516,0.426735680399155,23,90.580505,0,0.6348282381394995,1.0,0.0
223,2918366_0057c_5f3839d548a40.jpg,3462,3462,Kartaview_Dataset/Rest_set/2918366_0057c_5f3839d548a40.jpg,0.0431199702846148,0.509716285835715,23,115.47229,0,0.604460640610163,1.0,0.0
224,2918366_3c479_5f3837108e70a.jpg,3501,3501,Kartaview_Dataset/Rest_set/2918366_3c479_5f3837108e70a.jpg,0.189158750420302,0.504476764877631,23,79.807495,0,0.5844699442950515,1.0,0.0
225,2918366_40b37_5f38393cd1357.jpg,3504,3504,Kartaview_Dataset/Rest_set/2918366_40b37_5f38393cd1357.jpg,0.0925356930648069,0.585915877420001,23,96.834229,0,0.6854474350043911,1.0,0.0
226,2918366_4780b_5f383680c9b25.jpg,3512,3512,Kartaview_Dataset/Rest_set/2918366_4780b_5f383680c9b25.jpg,0.077809341911149,0.560516877381993,23,91.865356,0,0.6138704290548829,1.0,0.0
227,2918366_82189_5f38368862c5a.jpg,3570,3570,Kartaview_Dataset/Rest_set/2918366_82189_5f38368862c5a.jpg,0.117124308271439,0.511998939224839,23,67.837616,0,0.6959619844640399,1.0,0.0
228,2918366_87552_5f38366d7e50a.jpg,3579,3579,Kartaview_Dataset/Rest_set/2918366_87552_5f38366d7e50a.jpg,0.0656388833079045,0.58276292193455,23,109.173889,0,0.535042584343234,1.0,0.0
229,2918366_93686_5f3835dd3c83b.jpg,3587,3587,Kartaview_Dataset/Rest_set/2918366_93686_5f3835dd3c83b.jpg,0.073328285588865,0.458499763312383,23,115.645325,0,0.5521512448867371,1.0,0.808996
230,2918366_9d1d8_5f3839609c7ac.jpg,3593,3593,Kartaview_Dataset/Rest_set/2918366_9d1d8_5f3839609c7ac.jpg,0.129911963040067,0.534680350781415,23,106.961121,0,0.6201957085925235,1.0,0.0
231,2918366_aee2f_5f38371f5a77d.jpg,3606,3606,Kartaview_Dataset/Rest_set/2918366_aee2f_5f38371f5a77d.jpg,0.181568682571395,0.534646661668008,23,72.94989,0,0.6123447494846952,0.5,0.0
232,2918366_c3af1_5f38395e41088.jpg,3618,3618,Kartaview_Dataset/Rest_set/2918366_c3af1_5f38395e41088.jpg,0.215562763023552,0.501326832774152,23,120.820251,0,0.6716234672492022,1.0,0.0
233,2918366_c44b2_5f3837176fb1f.jpg,3621,3621,Kartaview_Dataset/Rest_set/2918366_c44b2_5f3837176fb1f.jpg,0.156018221597152,0.528700533151815,23,96.722839,0,0.563073608123382,1.0,0.0
234,2918366_c4ad1_5f383518b3908.jpg,3622,3622,Kartaview_Dataset/Rest_set/2918366_c4ad1_5f383518b3908.jpg,0.0284386469737102,0.379158877858824,23,92.93573,0,0.5897138357984476,1.0,0.0
235,2918366_d7cd7_5f3839363d42a.jpg,3631,3631,Kartaview_Dataset/Rest_set/2918366_d7cd7_5f3839363d42a.jpg,0.0679682109345695,0.594151138000974,23,75.704773,0,0.6061534201700084,1.0,0.0
236,2918366_d87e0_5f38394c86f9e.jpg,3633,3633,Kartaview_Dataset/Rest_set/2918366_d87e0_5f38394c86f9e.jpg,0.105490923591277,0.575365138159918,23,91.582397,0,0.5868572288749084,0.5,0.0
237,2918366_e0140_5f383950989c8.jpg,3642,3642,Kartaview_Dataset/Rest_set/2918366_e0140_5f383950989c8.jpg,0.122492677965628,0.557861916098559,23,93.897644,0,0.7610341138291757,1.0,0.0
238,2918366_e157e_5f383944a84f6.jpg,3643,3643,Kartaview_Dataset/Rest_set/2918366_e157e_5f383944a84f6.jpg,0.0803697674881707,0.57156129172699,23,105.954163,0,0.7115615090500581,0.5,0.0
239,2923010_2e0a6_5f39703f441f0.jpg,3685,3685,Kartaview_Dataset/Rest_set/2923010_2e0a6_5f39703f441f0.jpg,0.285362386497866,0.429134949950071,23,87.095856,0,0.7283073670723393,1.0,0.0
240,2923010_678cb_5f396fbfa3f2e.jpg,3718,3718,Kartaview_Dataset/Rest_set/2923010_678cb_5f396fbfa3f2e.jpg,0.290943898172643,0.426654049085902,23,122.993378,0,0.6218053423795407,1.0,0.0
241,2923010_7cf00_5f397249859ef.jpg,3736,3736,Kartaview_Dataset/Rest_set/2923010_7cf00_5f397249859ef.jpg,0.247964501562884,0.366927570133823,23,106.981323,0,0.6517277076738822,1.0,0.0
242,2937366_10ce5_5f3f211f4bc34.jpg,3842,3842,Kartaview_Dataset/Rest_set/2937366_10ce5_5f3f211f4bc34.jpg,0.245184453505358,0.498715926485172,23,72.532074,0,0.6135636545816009,1.0,0.0
243,2937366_4e7ae_5f3f211b37c71.jpg,3872,3872,Kartaview_Dataset/Rest_set/2937366_4e7ae_5f3f211b37c71.jpg,0.269053354361259,0.503584435284077,23,94.011292,0,0.6001364736334296,1.0,0.0
244,2986666_2d323_5f544d1942e31.jpg,4171,4171,Kartaview_Dataset/Rest_set/2986666_2d323_5f544d1942e31.jpg,0.256858213361666,0.360599631665693,23,94.737366,0,0.7635816135829897,1.0,0.0
245,2986666_37c7a_5f544a1620172.jpg,4180,4180,Kartaview_Dataset/Rest_set/2986666_37c7a_5f544a1620172.jpg,0.122093090340774,0.509226929867904,23,98.027954,0,0.4139922315448164,1.0,0.0
246,2986666_4ca04_5f544a710d866.jpg,4195,4195,Kartaview_Dataset/Rest_set/2986666_4ca04_5f544a710d866.jpg,0.14842755222492,0.486734695640456,23,108.03009,0,0.4499717349375979,1.0,0.0
247,2986666_5fa8f_5f544a5d9389e.jpg,4211,4211,Kartaview_Dataset/Rest_set/2986666_5fa8f_5f544a5d9389e.jpg,0.126632733705637,0.489445373534524,23,125.352783,0,0.4336582215707992,1.0,0.0
248,2986666_6d9e4_5f5449fbe487d.jpg,4219,4219,Kartaview_Dataset/Rest_set/2986666_6d9e4_5f5449fbe487d.jpg,0.107609003537329,0.506429869631769,23,100.885376,0,0.5070825895686858,0.5,0.0
249,2986666_77445_5f544a4615b8d.jpg,4229,4229,Kartaview_Dataset/Rest_set/2986666_77445_5f544a4615b8d.jpg,0.142459427218456,0.490781276454592,23,131.318481,0,0.4381348125169336,0.5,0.0
250,2986666_8dd5d_5f544a6059504.jpg,4238,4238,Kartaview_Dataset/Rest_set/2986666_8dd5d_5f544a6059504.jpg,0.153986315683323,0.479988666636721,23,123.051697,0,0.4450905960023555,0.5,0.0
251,2986666_9009b_5f544a2d6b256.jpg,4242,4242,Kartaview_Dataset/Rest_set/2986666_9009b_5f544a2d6b256.jpg,0.116070117041684,0.501998023572013,23,133.693176,0,0.4696001685555477,0.5,0.0
252,2986666_9c8a7_5f5449c226699.jpg,4251,4251,Kartaview_Dataset/Rest_set/2986666_9c8a7_5f5449c226699.jpg,0.0855747621177971,0.492635041515354,23,115.32782,0,0.5269129225873489,0.5,0.0
253,2986666_b2136_5f544a679fa03.jpg,4266,4266,Kartaview_Dataset/Rest_set/2986666_b2136_5f544a679fa03.jpg,0.167822352495115,0.470980284094247,23,97.506287,0,0.4786038655428888,0.5,0.0
254,2986666_c181a_5f544a75e5f5d.jpg,4281,4281,Kartaview_Dataset/Rest_set/2986666_c181a_5f544a75e5f5d.jpg,0.151563366434531,0.481411383810567,23,142.578979,0,0.4664856214531518,0.5,0.0
255,3026898_21633_5f61474249786.jpg,4768,4768,Kartaview_Dataset/Rest_set/3026898_21633_5f61474249786.jpg,0.18922127561283,0.465946785021993,23,86.416931,0,0.5851768395442921,1.0,0.0
256,3026898_46096_5f614a2097365.jpg,4794,4794,Kartaview_Dataset/Rest_set/3026898_46096_5f614a2097365.jpg,0.177296560889754,0.531232399597804,23,142.89325,0,0.62699009881854,1.0,0.0
257,3026898_51f05_5f61465b87aeb.jpg,4806,4806,Kartaview_Dataset/Rest_set/3026898_51f05_5f61465b87aeb.jpg,0.193519555250802,0.480113921032718,23,79.028992,0,0.5243936770180389,1.0,0.0
258,3026898_597dd_5f61465878b60.jpg,4812,4812,Kartaview_Dataset/Rest_set/3026898_597dd_5f61465878b60.jpg,0.189162047166926,0.507552408166932,23,97.191101,0,0.5071375638815493,0.5,0.0
259,3026898_72c4d_5f61428a64aca.jpg,4829,4829,Kartaview_Dataset/Rest_set/3026898_72c4d_5f61428a64aca.jpg,0.226162607667026,0.490319562836243,23,66.351837,0,0.5822064748614209,1.0,0.0
260,3026898_766e3_5f614a1d89169.jpg,4834,4834,Kartaview_Dataset/Rest_set/3026898_766e3_5f614a1d89169.jpg,0.161333982925352,0.547220475379305,23,160.90625,0,0.6388191547182285,0.5,0.0
261,3026898_ad6b3_5f614aacdf681.jpg,4864,4864,Kartaview_Dataset/Rest_set/3026898_ad6b3_5f614aacdf681.jpg,0.150955834522356,0.413689787188462,23,100.924438,0,0.569339979074558,1.0,0.0
262,3026898_c1105_5f614aab17b3b.jpg,4880,4880,Kartaview_Dataset/Rest_set/3026898_c1105_5f614aab17b3b.jpg,0.15138640890681,0.426350847065246,23,109.008911,0,0.5715280647109244,0.5,0.0
263,3229409_13935_5fa98db6ae6f1.jpg,5140,5140,Kartaview_Dataset/Rest_set/3229409_13935_5fa98db6ae6f1.jpg,0.159454335526228,0.401806600301993,23,120.619141,0,0.5549556010078388,1.0,0.0
264,3229409_3bc19_5fa98c660c6b7.jpg,5162,5162,Kartaview_Dataset/Rest_set/3229409_3bc19_5fa98c660c6b7.jpg,0.0957943210561691,0.43234880498668,23,84.566467,0,0.631071799018418,1.0,0.0
265,3229409_578ab_5fa98dc62c8e9.jpg,5172,5172,Kartaview_Dataset/Rest_set/3229409_578ab_5fa98dc62c8e9.jpg,0.166252060898673,0.357110648869601,23,106.68396,0,0.6849186564760663,1.0,0.0
266,3229409_88bde_5fa98e2663f23.jpg,5194,5194,Kartaview_Dataset/Rest_set/3229409_88bde_5fa98e2663f23.jpg,0.213093081062028,0.361801210043848,23,95.159424,0,0.6866194615028934,1.0,0.0
267,3229409_8ed7f_5fa98e4297288.jpg,5197,5197,Kartaview_Dataset/Rest_set/3229409_8ed7f_5fa98e4297288.jpg,0.119981580624637,0.364678173946395,23,108.707764,0,0.602117194996099,1.0,0.0
268,3229409_a862f_5fa98c4bbb7e4.jpg,5212,5212,Kartaview_Dataset/Rest_set/3229409_a862f_5fa98c4bbb7e4.jpg,0.108082927481225,0.363207946484411,23,124.33252,0,0.5815415349990181,1.0,0.0
269,3229409_dd038_5fa98e3510d18.jpg,5237,5237,Kartaview_Dataset/Rest_set/3229409_dd038_5fa98e3510d18.jpg,0.157163183029072,0.357325740901348,23,86.214661,0,0.6499836810039591,0.5,0.0
270,3229409_f7b91_5fa98c4e541ba.jpg,5243,5243,Kartaview_Dataset/Rest_set/3229409_f7b91_5fa98c4e541ba.jpg,0.146754705886466,0.388032072035963,23,112.895142,0,0.5691677300772835,1.0,0.0
271,3229761_00ed6_5fa9aa6775a3c.jpg,5246,5246,Kartaview_Dataset/Rest_set/3229761_00ed6_5fa9aa6775a3c.jpg,0.161823865515709,0.433421673675154,23,86.591705,0,0.7356354922649008,1.0,0.0
272,3229761_66e0d_5fa9aac41f83a.jpg,5296,5296,Kartaview_Dataset/Rest_set/3229761_66e0d_5fa9aac41f83a.jpg,0.145840709471572,0.472932525024964,23,87.022095,0,0.4776231913125193,1.0,0.0
273,3229761_791f2_5fa9a99735ffa.jpg,5303,5303,Kartaview_Dataset/Rest_set/3229761_791f2_5fa9a99735ffa.jpg,0.0944627544599864,0.509024363275757,23,71.438477,0,0.5659234759180453,1.0,0.0
274,3229761_8a02f_5fa9aabd0bc7a.jpg,5309,5309,Kartaview_Dataset/Rest_set/3229761_8a02f_5fa9aabd0bc7a.jpg,0.146954837017222,0.490709579110676,23,105.041626,0,0.4889438711247352,0.5,0.0
275,3229761_8fabc_5fa9a9604cf20.jpg,5310,5310,Kartaview_Dataset/Rest_set/3229761_8fabc_5fa9a9604cf20.jpg,0.0996601785363769,0.46271478969355,23,99.61377,0,0.8105852211730237,1.0,0.0
276,3229761_db02c_5fa9a99c6ab51.jpg,5351,5351,Kartaview_Dataset/Rest_set/3229761_db02c_5fa9a99c6ab51.jpg,0.0967743786902127,0.513355573907004,23,73.237488,0,0.5801185126459683,0.5,0.0
277,3229761_db300_5fa9aa4f19691.jpg,5352,5352,Kartaview_Dataset/Rest_set/3229761_db300_5fa9aa4f19691.jpg,0.165462932085504,0.430607336970606,23,78.497284,0,0.7975800907877565,0.5,0.0
278,3229761_efb88_5fa9aab28efef.jpg,5363,5363,Kartaview_Dataset/Rest_set/3229761_efb88_5fa9aab28efef.jpg,0.175873871818078,0.485540891673088,23,87.653748,0,0.6956818016068707,0.5,0.0
279,3235221_897c5_5fabfcc7471c4.jpg,5677,5677,Kartaview_Dataset/Rest_set/3235221_897c5_5fabfcc7471c4.jpg,0.10068739094648,0.512544011803283,23,68.812866,0,0.6328380222316837,1.0,0.0
280,3235221_e9ebf_5fabfcc4ee7c2.jpg,5751,5751,Kartaview_Dataset/Rest_set/3235221_e9ebf_5fabfcc4ee7c2.jpg,0.0881652804777645,0.523045081216678,23,80.397888,0,0.6285912906293833,0.5,0.0
281,3245485_32437_5fb3cf79b2cfc.jpg,5801,5801,Kartaview_Dataset/Rest_set/3245485_32437_5fb3cf79b2cfc.jpg,0.395642658747456,0.490246137845486,23,116.897369,0,0.6830392330869635,1.0,0.809311
282,3245485_3dea4_5fb3cf424820a.jpg,5811,5811,Kartaview_Dataset/Rest_set/3245485_3dea4_5fb3cf424820a.jpg,0.249496465156485,0.481022663271265,23,62.156921,0,0.8176374382695752,1.0,0.0
283,3245485_9fd08_5fb3cf4f05c1b.jpg,5862,5862,Kartaview_Dataset/Rest_set/3245485_9fd08_5fb3cf4f05c1b.jpg,0.375499427203567,0.619258165722796,23,93.564758,0,0.5659083925476679,1.0,0.0
284,3245485_a2b97_5fb3cf719d75d.jpg,5865,5865,Kartaview_Dataset/Rest_set/3245485_a2b97_5fb3cf719d75d.jpg,0.283098787757021,0.515144984122925,23,85.732117,0,0.8175816791882619,1.0,0.0
285,3245485_c59ee_5fb3cf57b6f34.jpg,5883,5883,Kartaview_Dataset/Rest_set/3245485_c59ee_5fb3cf57b6f34.jpg,0.431959386926363,0.500812857838852,23,117.1698,0,0.7089303549663101,1.0,0.807262
286,3245485_d744e_5fb3cf4652529.jpg,5902,5902,Kartaview_Dataset/Rest_set/3245485_d744e_5fb3cf4652529.jpg,0.186409130802384,0.442294867852293,23,67.790802,0,0.6190798563326657,1.0,0.0
287,3245485_e6d10_5fb3cf45c3004.jpg,5915,5915,Kartaview_Dataset/Rest_set/3245485_e6d10_5fb3cf45c3004.jpg,0.185220098647699,0.428061217438176,23,91.211975,0,0.6691801008370168,1.0,0.0
288,3245485_eed97_5fb3cf4128492.jpg,5923,5923,Kartaview_Dataset/Rest_set/3245485_eed97_5fb3cf4128492.jpg,0.223109358349685,0.431865063871104,23,108.025818,0,0.5410875533920931,1.0,0.813515
289,3245485_f684c_5fb3cf405ce19.jpg,5926,5926,Kartaview_Dataset/Rest_set/3245485_f684c_5fb3cf405ce19.jpg,0.17390294907013,0.411430888943406,23,108.991943,0,0.5848723308199218,1.0,0.0
290,3317161_047f2_5fce428dd7004.jpg,5973,5973,Kartaview_Dataset/Rest_set/3317161_047f2_5fce428dd7004.jpg,0.207484484220933,0.449483174447412,23,67.20108,0,0.6249026648227517,1.0,0.0
291,3317161_0e011_5fce428bc1f11.jpg,5975,5975,Kartaview_Dataset/Rest_set/3317161_0e011_5fce428bc1f11.jpg,0.25247797035475,0.474247696182937,23,67.939972,0,0.6175970826629513,1.0,0.0
292,3317161_0ebb6_5fce428fceae5.jpg,5976,5976,Kartaview_Dataset/Rest_set/3317161_0ebb6_5fce428fceae5.jpg,0.117491961986703,0.404112576923476,23,84.193909,0,0.7530488069435268,0.5,0.0
293,3317161_126ed_5fce42b6e504d.jpg,5977,5977,Kartaview_Dataset/Rest_set/3317161_126ed_5fce42b6e504d.jpg,0.108156974670271,0.51650075498167,23,84.568726,0,0.6080729586916075,1.0,0.0
294,3317161_3e8f9_5fce4295dc957.jpg,5986,5986,Kartaview_Dataset/Rest_set/3317161_3e8f9_5fce4295dc957.jpg,0.111448939017871,0.471078759964203,23,86.496948,0,0.603023991531849,1.0,0.0
295,3317161_61414_5fce4297caca9.jpg,5990,5990,Kartaview_Dataset/Rest_set/3317161_61414_5fce4297caca9.jpg,0.143050113154181,0.472443169057154,23,75.857758,0,0.5625436237149446,0.5,0.0
296,3317161_aa1b9_5fce4291dff1e.jpg,6009,6009,Kartaview_Dataset/Rest_set/3317161_aa1b9_5fce4291dff1e.jpg,0.13428286083377,0.453463672769867,23,66.017944,0,0.6779503172187396,0.5,0.0
297,3317161_b7811_5fce4293de721.jpg,6016,6016,Kartaview_Dataset/Rest_set/3317161_b7811_5fce4293de721.jpg,0.131131599771025,0.45506174609811,23,91.540649,0,0.6467653597422535,0.5,0.0
298,3317161_cb8ea_5fce4289aed80.jpg,6023,6023,Kartaview_Dataset/Rest_set/3317161_cb8ea_5fce4289aed80.jpg,0.238219963268394,0.524162868723027,23,63.843475,0,0.6715059327694283,0.5,0.0
299,3317161_d8332_5fce42ba287dd.jpg,6030,6030,Kartaview_Dataset/Rest_set/3317161_d8332_5fce42ba287dd.jpg,0.0065680697487366,0.469899640994986,23,76.967926,0,0.6140024972094487,1.0,0.0
300,3317161_e8d92_5fce42ad00074.jpg,6033,6033,Kartaview_Dataset/Rest_set/3317161_e8d92_5fce42ad00074.jpg,0.0519238955878869,0.562241500841364,23,69.003662,0,0.6165552332117219,1.0,0.0
301,3317161_e9f6b_5fce42b88a99d.jpg,6034,6034,Kartaview_Dataset/Rest_set/3317161_e9f6b_5fce42b88a99d.jpg,0.126806829843395,0.455119622267295,23,82.583252,0,0.5850664332246893,0.5,0.0
302,3317161_f5eab_5fce42b020f7d.jpg,6037,6037,Kartaview_Dataset/Rest_set/3317161_f5eab_5fce42b020f7d.jpg,0.0329875358517872,0.565356448096306,23,69.198303,0,0.5824717478012145,1.0,0.0
303,3317197_1f989_5fce46bd99897.jpg,6067,6067,Kartaview_Dataset/Rest_set/3317197_1f989_5fce46bd99897.jpg,0.0860497063250131,0.498304746536932,23,93.015137,0,0.8100223650928493,1.0,0.0
304,3317197_21066_5fce46539d850.jpg,6070,6070,Kartaview_Dataset/Rest_set/3317197_21066_5fce46539d850.jpg,0.0957175653504911,0.37776596259299,23,113.562744,0,1.0,1.0,0.808708
305,3317197_25bc3_5fce4690d744f.jpg,6076,6076,Kartaview_Dataset/Rest_set/3317197_25bc3_5fce4690d744f.jpg,0.0986483365427428,0.408275341987692,23,80.005249,0,0.6371828871740859,1.0,0.0
306,3317197_36979_5fce46a49bc14.jpg,6091,6091,Kartaview_Dataset/Rest_set/3317197_36979_5fce46a49bc14.jpg,0.179806358807427,0.557623068922743,23,83.473236,0,0.5763522445986411,1.0,0.0
307,3317197_54b7e_5fce476e8a43b.jpg,6121,6121,Kartaview_Dataset/Rest_set/3317197_54b7e_5fce476e8a43b.jpg,0.138704612273485,0.441742884686484,23,109.357971,0,0.5211786042829016,1.0,0.0
308,3317197_5c7b0_5fce46bab90c8.jpg,6125,6125,Kartaview_Dataset/Rest_set/3317197_5c7b0_5fce46bab90c8.jpg,0.124566401382251,0.507290237758758,23,107.516479,0,0.5862642745689634,1.0,0.0
309,3317197_b1883_5fce46bc36c62.jpg,6173,6173,Kartaview_Dataset/Rest_set/3317197_b1883_5fce46bc36c62.jpg,0.111639861192079,0.491410139904841,23,97.990051,0,0.6103096907565073,1.0,0.0
310,3317197_de7b4_5fce46b94ec5f.jpg,6214,6214,Kartaview_Dataset/Rest_set/3317197_de7b4_5fce46b94ec5f.jpg,0.108670117270329,0.524796051290379,23,125.417175,0,0.654616667171049,0.5,0.0
311,3346325_64789_5ff1061b45dd8.jpg,6307,6307,Kartaview_Dataset/Rest_set/3346325_64789_5ff1061b45dd8.jpg,0.109352982501534,0.422080104073446,23,98.841675,0,0.5543063468594682,1.0,0.0
312,3346329_029b2_5ff10716e399d.jpg,6434,6434,Kartaview_Dataset/Rest_set/3346329_029b2_5ff10716e399d.jpg,0.0485309251715884,0.298252744367007,23,111.806915,0,0.6769595083939236,1.0,0.809935
313,3402193_4cde18537ad0fab940200677233a87d7.jpg,6755,6755,Kartaview_Dataset/Rest_set/3402193_4cde18537ad0fab940200677233a87d7.jpg,0.378853594380366,0.465913527820297,23,81.896942,0,0.5859250117570425,1.0,0.0
314,3402193_928b080525416934363338558a39144b.jpg,6803,6803,Kartaview_Dataset/Rest_set/3402193_928b080525416934363338558a39144b.jpg,0.127603326486469,0.56886011589055,23,84.92926,0,0.6208289724738908,1.0,0.0
315,3402193_b1628ea6d532e7adc51ade2c75f5c364.jpg,6825,6825,Kartaview_Dataset/Rest_set/3402193_b1628ea6d532e7adc51ade2c75f5c364.jpg,0.169197202184073,0.521884966362716,23,108.642212,0,0.6364057174404542,1.0,0.782158
316,3431821_63a08_6032b4e61e2d1.jpg,7173,7173,Kartaview_Dataset/Rest_set/3431821_63a08_6032b4e61e2d1.jpg,0.116442184143558,0.371795215109308,23,142.154358,0,0.7631504842303963,1.0,0.803408
317,3455945_16a9e_604aa03e7eeef.jpg,7314,7314,Kartaview_Dataset/Rest_set/3455945_16a9e_604aa03e7eeef.jpg,0.211166797326838,0.362728524485939,23,82.054504,0,0.5548454218944048,1.0,0.0
318,3455945_b5558_604aa03c41170.jpg,7445,7445,Kartaview_Dataset/Rest_set/3455945_b5558_604aa03c41170.jpg,0.193786199574034,0.349438601158905,23,94.961548,0,0.5610614937491072,0.5,0.0
319,3455945_d8a97_604aa03a2f70f.jpg,7468,7468,Kartaview_Dataset/Rest_set/3455945_d8a97_604aa03a2f70f.jpg,0.204841121538313,0.357562428518612,23,74.552979,0,0.7002881673967266,0.5,0.0
320,3458109_04bf3_604c1f7d3ae73.jpg,7701,7701,Kartaview_Dataset/Rest_set/3458109_04bf3_604c1f7d3ae73.jpg,0.252361361236252,0.352680962368396,23,93.880371,0,0.5605854717846297,1.0,0.0
321,3458109_10177_604c20c593903.jpg,7717,7717,Kartaview_Dataset/Rest_set/3458109_10177_604c20c593903.jpg,0.106956905725728,0.409570645206989,23,128.591064,0,0.5797847251123397,1.0,0.759577
322,3458109_116d1_604c206c7262a.jpg,7719,7719,Kartaview_Dataset/Rest_set/3458109_116d1_604c206c7262a.jpg,0.356326618950513,0.532661163535595,23,89.794128,0,0.7388418845567165,1.0,0.0
323,3458109_58bee_604c1fd846c2e.jpg,7767,7767,Kartaview_Dataset/Rest_set/3458109_58bee_604c1fd846c2e.jpg,0.1017028753134,0.423509299922947,23,74.954651,0,0.5821773004715672,1.0,0.0
324,3458109_62d6e_604c1f4c2dbdb.jpg,7772,7772,Kartaview_Dataset/Rest_set/3458109_62d6e_604c1f4c2dbdb.jpg,0.243104987368808,0.398089136211132,23,66.5466,0,0.581683466620029,1.0,0.0
325,3458109_69d42_604c1fea1a232.jpg,7781,7781,Kartaview_Dataset/Rest_set/3458109_69d42_604c1fea1a232.jpg,0.118742618710595,0.547966818814765,23,107.118042,0,0.6412477243151927,1.0,0.0
326,3458109_6d147_604c2070c48cd.jpg,7784,7784,Kartaview_Dataset/Rest_set/3458109_6d147_604c2070c48cd.jpg,0.224563170437626,0.454631562034615,23,81.007111,0,0.773845506005514,1.0,0.0
327,3458109_a20d4_604c1fa4b4b65.jpg,7831,7831,Kartaview_Dataset/Rest_set/3458109_a20d4_604c1fa4b4b65.jpg,0.185736544641047,0.409681214604835,23,65.360504,0,0.6422082661512903,1.0,0.0
328,3458109_d0a4f_604c1f4e79a51.jpg,7863,7863,Kartaview_Dataset/Rest_set/3458109_d0a4f_604c1f4e79a51.jpg,0.206469780837336,0.392479466917291,23,97.207703,0,0.5514968419027925,1.0,0.0
329,3459513_20941_604c746298f75.jpg,7917,7917,Kartaview_Dataset/Rest_set/3459513_20941_604c746298f75.jpg,0.204375562424309,0.404515118637509,23,96.550751,0,0.6083202944548844,1.0,0.0
330,3459513_3191f_604c74475dd99.jpg,7926,7926,Kartaview_Dataset/Rest_set/3459513_3191f_604c74475dd99.jpg,0.283223379522083,0.377428207635508,23,76.045197,0,0.5890220474193107,1.0,0.0
331,3459513_62fe6_604c749f25f5d.jpg,7971,7971,Kartaview_Dataset/Rest_set/3459513_62fe6_604c749f25f5d.jpg,0.183575228128884,0.411129846481302,23,87.282349,0,0.6995538483098495,1.0,0.0
332,3459513_9b452_604c74016abea.jpg,8003,8003,Kartaview_Dataset/Rest_set/3459513_9b452_604c74016abea.jpg,0.297796747674378,0.520431151545726,23,95.541687,0,0.6924034557243025,1.0,0.800096
333,3459513_b5424_604c749d404a9.jpg,8032,8032,Kartaview_Dataset/Rest_set/3459513_b5424_604c749d404a9.jpg,0.234884911904682,0.361835762980674,23,104.711029,0,0.6438950695552994,1.0,0.0
334,3459513_f30cd_604c73252f46d.jpg,8084,8084,Kartaview_Dataset/Rest_set/3459513_f30cd_604c73252f46d.jpg,0.10344411252764,0.424217635127898,23,97.229248,0,0.6030428891121177,1.0,0.0
335,3459513_f3328_604c743e18f5b.jpg,8085,8085,Kartaview_Dataset/Rest_set/3459513_f3328_604c743e18f5b.jpg,0.396314108328808,0.336644512475338,23,91.783783,0,0.6958780211356262,1.0,0.0
336,3459853_0732e_604c9c62caa6b.jpg,8103,8103,Kartaview_Dataset/Rest_set/3459853_0732e_604c9c62caa6b.jpg,0.105161315395522,0.333731699900833,23,123.283142,0,0.7061506887275928,1.0,0.0
337,3459853_14c9e_604c9cc7293f2.jpg,8110,8110,Kartaview_Dataset/Rest_set/3459853_14c9e_604c9cc7293f2.jpg,0.238458259558658,0.269994920718286,23,59.154419,0,0.7441599058903738,1.0,0.0
338,3459853_1b740_604c9cf2f24f0.jpg,8112,8112,Kartaview_Dataset/Rest_set/3459853_1b740_604c9cf2f24f0.jpg,0.183166414930817,0.403581757431473,23,136.075073,0,0.5975945139418661,1.0,0.806736
339,3459853_50c2b_604c9cdd72fe8.jpg,8144,8144,Kartaview_Dataset/Rest_set/3459853_50c2b_604c9cdd72fe8.jpg,0.0966910760179523,0.27992802623259,23,76.817444,0,0.6094432384043648,1.0,0.0
340,3459853_59212_604c9be0861e9.jpg,8149,8149,Kartaview_Dataset/Rest_set/3459853_59212_604c9be0861e9.jpg,0.286029615445938,0.372065591839978,23,106.809692,0,0.7152916218583609,1.0,0.0
341,3459853_67939_604c9cd5bea77.jpg,8166,8166,Kartaview_Dataset/Rest_set/3459853_67939_604c9cd5bea77.jpg,0.113142453166058,0.320625339050693,23,162.494995,0,0.6459064889215416,1.0,0.803408
342,3459853_72446_604c9c60ed816.jpg,8171,8171,Kartaview_Dataset/Rest_set/3459853_72446_604c9c60ed816.jpg,0.107213214482427,0.371226819298506,23,94.188477,0,0.5706966464656191,1.0,0.0
343,3459853_78afd_604c9cfcf01f3.jpg,8177,8177,Kartaview_Dataset/Rest_set/3459853_78afd_604c9cfcf01f3.jpg,0.227168338050738,0.288437982661336,23,101.597717,0,0.6269219475425344,1.0,0.0
344,3459853_7947c_604c9cef28c89.jpg,8178,8178,Kartaview_Dataset/Rest_set/3459853_7947c_604c9cef28c89.jpg,0.149594647056554,0.404262018375252,23,86.515198,0,0.6892959434585844,1.0,0.0
345,3459853_99344_604c9c712908e.jpg,8202,8202,Kartaview_Dataset/Rest_set/3459853_99344_604c9c712908e.jpg,0.0966717740982009,0.371075218288178,23,87.745178,0,0.5708401563434682,1.0,0.0
346,3459853_9a6ee_604c9c664abd0.jpg,8207,8207,Kartaview_Dataset/Rest_set/3459853_9a6ee_604c9c664abd0.jpg,0.0589994782100867,0.274648337485445,23,87.430969,0,0.5122878673162145,1.0,0.0
347,3459853_aacfe_604c9c72e9a2d.jpg,8220,8220,Kartaview_Dataset/Rest_set/3459853_aacfe_604c9c72e9a2d.jpg,0.0914411166889051,0.376682728023468,23,106.149231,0,0.7543506602735479,1.0,0.0
348,3459853_b8bc6_604c9c40cb7e5.jpg,8226,8226,Kartaview_Dataset/Rest_set/3459853_b8bc6_604c9c40cb7e5.jpg,0.0916500745928804,0.320637432578582,23,80.59491,0,0.5335101938596862,1.0,0.0
349,3459853_b94e0_604c9c6d8cde9.jpg,8227,8227,Kartaview_Dataset/Rest_set/3459853_b94e0_604c9c6d8cde9.jpg,0.123668745797147,0.356437730424897,23,75.393494,0,0.5161320500906251,1.0,0.0
350,3459853_d146e_604c9c6f5dd3d.jpg,8242,8242,Kartaview_Dataset/Rest_set/3459853_d146e_604c9c6f5dd3d.jpg,0.124539123462603,0.370309006914043,23,67.003265,0,0.702574401037932,1.0,0.0
351,3459853_e3259_604c9cd7bf3ef.jpg,8263,8263,Kartaview_Dataset/Rest_set/3459853_e3259_604c9cd7bf3ef.jpg,0.146041877482314,0.23138935631334,23,111.289429,0,0.6587859282092682,1.0,0.787864
352,3459853_e4341_604c9cbf0ae56.jpg,8264,8264,Kartaview_Dataset/Rest_set/3459853_e4341_604c9cbf0ae56.jpg,0.256275722765835,0.335922356095656,23,113.109741,0,0.850474004874927,1.0,0.0
353,3459853_e6c96_604c9cf12dc75.jpg,8265,8265,Kartaview_Dataset/Rest_set/3459853_e6c96_604c9cf12dc75.jpg,0.156376048215877,0.391408325875658,23,99.782104,0,0.6344840437886683,1.0,0.0
354,3459853_ea2d8_604c9cdbaa9ec.jpg,8270,8270,Kartaview_Dataset/Rest_set/3459853_ea2d8_604c9cdbaa9ec.jpg,0.0906068769496501,0.265335025275473,23,68.506226,0,0.6584529687158919,1.0,0.0
355,3459853_f7761_604c9d00cc37d.jpg,8285,8285,Kartaview_Dataset/Rest_set/3459853_f7761_604c9d00cc37d.jpg,0.22334987794992,0.314813103164703,23,88.202942,0,0.6948344703142971,1.0,0.0
356,3459853_fdb43_604c9cbd09ead.jpg,8293,8293,Kartaview_Dataset/Rest_set/3459853_fdb43_604c9cbd09ead.jpg,0.247827008617988,0.405153052233674,23,105.813599,0,0.684215462166961,1.0,0.81107
357,3459857_054eb_604c9e26be2d0.jpg,8301,8301,Kartaview_Dataset/Rest_set/3459857_054eb_604c9e26be2d0.jpg,0.17692391885122,0.423019943955137,23,96.258667,0,0.7051014389569478,1.0,0.0
358,3459857_05f25_604c9e29d2e11.jpg,8302,8302,Kartaview_Dataset/Rest_set/3459857_05f25_604c9e29d2e11.jpg,0.171100508392892,0.526577687095515,23,95.242188,0,0.684501099956867,1.0,0.0
359,3459857_1ca70_604c9d4f08770.jpg,8317,8317,Kartaview_Dataset/Rest_set/3459857_1ca70_604c9d4f08770.jpg,0.156794256477157,0.461768471136204,23,108.112915,0,0.6869238459485996,1.0,0.0
360,3459857_23cd7_604c9e239efe5.jpg,8320,8320,Kartaview_Dataset/Rest_set/3459857_23cd7_604c9e239efe5.jpg,0.188575156477819,0.492073988203627,23,117.873047,0,0.8187571349206038,1.0,0.0
361,3459857_26537_604c9e108dbfd.jpg,8321,8321,Kartaview_Dataset/Rest_set/3459857_26537_604c9e108dbfd.jpg,0.199102203505564,0.481182470604089,23,82.544495,0,0.6383035364776,1.0,0.0
362,3459857_28b6d_604c9d57a4288.jpg,8324,8324,Kartaview_Dataset/Rest_set/3459857_28b6d_604c9d57a4288.jpg,0.168515643022852,0.498330661239552,23,95.343628,0,0.3756498189933612,1.0,0.0
363,3459857_2c3cc_604c9d40e0ba4.jpg,8326,8326,Kartaview_Dataset/Rest_set/3459857_2c3cc_604c9d40e0ba4.jpg,0.213521641506508,0.572708449229642,23,108.344666,0,0.7615206204430365,1.0,0.0
364,3459857_2ca53_604c9d53f3714.jpg,8327,8327,Kartaview_Dataset/Rest_set/3459857_2ca53_604c9d53f3714.jpg,0.157255172894553,0.493330851280705,23,119.986115,0,0.5800010080232054,0.5,0.0
365,3459857_2e4b4_604c9d49b3056.jpg,8330,8330,Kartaview_Dataset/Rest_set/3459857_2e4b4_604c9d49b3056.jpg,0.194395988029513,0.490197763733929,23,88.020813,0,0.7213827873301778,1.0,0.0
366,3459857_34ce8_604c9d42aacd2.jpg,8332,8332,Kartaview_Dataset/Rest_set/3459857_34ce8_604c9d42aacd2.jpg,0.192060811336257,0.515538455691041,23,110.792236,0,0.6893112600963575,0.5,0.0
367,3459857_38f41_604c9e1d6a660.jpg,8335,8335,Kartaview_Dataset/Rest_set/3459857_38f41_604c9e1d6a660.jpg,0.139639186768114,0.476032787281755,23,114.525879,0,0.6981161229015009,1.0,0.0
368,3459857_3b268_604c9d62c7636.jpg,8339,8339,Kartaview_Dataset/Rest_set/3459857_3b268_604c9d62c7636.jpg,0.149246085891044,0.443958159848796,23,107.647644,0,0.6697602040615852,0.5,0.0
369,3459857_4809d_604c9e30020cb.jpg,8349,8349,Kartaview_Dataset/Rest_set/3459857_4809d_604c9e30020cb.jpg,0.186259484427645,0.518438310914236,23,71.208496,0,0.6148336416671469,1.0,0.0
370,3459857_4c0e4_604c9d6f63804.jpg,8352,8352,Kartaview_Dataset/Rest_set/3459857_4c0e4_604c9d6f63804.jpg,0.188863482227438,0.445737204183669,23,87.639282,0,0.7415602985530814,1.0,0.0
371,3459857_52ecf_604c9db14bf53.jpg,8357,8357,Kartaview_Dataset/Rest_set/3459857_52ecf_604c9db14bf53.jpg,0.248790516052245,0.461945123025731,23,63.314331,0,0.5822872731153212,1.0,0.0
372,3459857_56c66_604c9d613d0dc.jpg,8362,8362,Kartaview_Dataset/Rest_set/3459857_56c66_604c9d613d0dc.jpg,0.133275814410074,0.440351697067492,23,98.998352,0,0.561662155548781,0.5,0.0
373,3459857_5754e_604c9d47b5751.jpg,8363,8363,Kartaview_Dataset/Rest_set/3459857_5754e_604c9d47b5751.jpg,0.172802596740969,0.499203986717851,23,94.999573,0,0.62465708172475,0.5,0.0
374,3459857_66ea7_604c9d4471113.jpg,8373,8373,Kartaview_Dataset/Rest_set/3459857_66ea7_604c9d4471113.jpg,0.162657277744974,0.512871832791428,23,103.562256,0,0.5792140953131395,0.5,0.0
375,3459857_68a5c_604c9d524123b.jpg,8374,8374,Kartaview_Dataset/Rest_set/3459857_68a5c_604c9d524123b.jpg,0.134937514288671,0.476529917660351,23,115.469482,0,0.5765781580011278,0.5,0.0
376,3459857_6a9e7_604c9daf84b18.jpg,8377,8377,Kartaview_Dataset/Rest_set/3459857_6a9e7_604c9daf84b18.jpg,0.273382484502167,0.471681276800122,23,70.728088,0,0.631485864088783,0.5,0.0
377,3459857_6dfb9_604c9e253e7cc.jpg,8381,8381,Kartaview_Dataset/Rest_set/3459857_6dfb9_604c9e253e7cc.jpg,0.167191843056569,0.455911748344051,23,108.530701,0,0.8317130981863271,1.0,0.0
378,3459857_6ede0_604c9e2851722.jpg,8385,8385,Kartaview_Dataset/Rest_set/3459857_6ede0_604c9e2851722.jpg,0.161741526610102,0.54340712688875,23,84.181458,0,0.5935212161384761,1.0,0.0
379,3459857_6fc7c_604c9d4d3fbdc.jpg,8387,8387,Kartaview_Dataset/Rest_set/3459857_6fc7c_604c9d4d3fbdc.jpg,0.184371043488634,0.489443213975972,23,110.491333,0,0.7073913474527702,1.0,0.0
380,3459857_718ee_604c9e1a40e66.jpg,8390,8390,Kartaview_Dataset/Rest_set/3459857_718ee_604c9e1a40e66.jpg,0.228731165440609,0.446439924536386,23,80.824463,0,0.7623316309334476,1.0,0.0
381,3459857_71e7a_604c9d86800d6.jpg,8391,8391,Kartaview_Dataset/Rest_set/3459857_71e7a_604c9d86800d6.jpg,0.180426093999445,0.452498350097266,23,114.578979,0,0.590230837095611,1.0,0.0
382,3459857_72326_604c9d7ec474d.jpg,8392,8392,Kartaview_Dataset/Rest_set/3459857_72326_604c9d7ec474d.jpg,0.157624993423123,0.450685184737277,23,87.829041,0,0.5809845189100328,1.0,0.0
383,3459857_72dae_604c9e121b433.jpg,8393,8393,Kartaview_Dataset/Rest_set/3459857_72dae_604c9e121b433.jpg,0.320324889594215,0.524365435315175,23,148.172607,0,0.5727062584922765,1.0,0.0
384,3459857_7977b_604c9e0d7f30d.jpg,8397,8397,Kartaview_Dataset/Rest_set/3459857_7977b_604c9e0d7f30d.jpg,0.224194991635702,0.49107454450591,23,83.239838,0,0.6777574279394198,0.5,0.0
385,3459857_87f34_604c9e221aa0e.jpg,8404,8404,Kartaview_Dataset/Rest_set/3459857_87f34_604c9e221aa0e.jpg,0.19737551584447,0.45781475133979,23,82.612976,0,0.6729025206633449,0.5,0.0
386,3459857_9dc95_604c9d4b7e5fd.jpg,8423,8423,Kartaview_Dataset/Rest_set/3459857_9dc95_604c9d4b7e5fd.jpg,0.18382064632239,0.483278538134349,23,111.792542,0,0.9722592845560276,0.5,0.0
387,3459857_9dfdc_604c9d645b242.jpg,8425,8425,Kartaview_Dataset/Rest_set/3459857_9dfdc_604c9d645b242.jpg,0.165379263846582,0.470039148477425,23,83.21814,0,0.6232681343566444,0.5,0.0
388,3459857_a2518_604c9e03f0a55.jpg,8430,8430,Kartaview_Dataset/Rest_set/3459857_a2518_604c9e03f0a55.jpg,0.246131849419822,0.45861206035707,23,129.938965,0,0.6580126539340728,1.0,0.0
389,3459857_ac8a3_604c9e2b69876.jpg,8434,8434,Kartaview_Dataset/Rest_set/3459857_ac8a3_604c9e2b69876.jpg,0.182671843117187,0.509034297245094,23,68.607788,0,0.5573612081731892,0.5,0.0
390,3459857_bd2d6_604c9e0f08948.jpg,8443,8443,Kartaview_Dataset/Rest_set/3459857_bd2d6_604c9e0f08948.jpg,0.215850796319842,0.456921126011105,23,110.645508,0,0.7225343190141867,0.5,0.0
391,3459857_cafb4_604c9d593829c.jpg,8453,8453,Kartaview_Dataset/Rest_set/3459857_cafb4_604c9d593829c.jpg,0.131381727127803,0.479428477148415,23,85.491516,0,0.386566310186589,0.5,0.0
392,3459857_d0a74_604c9d55c53ca.jpg,8458,8458,Kartaview_Dataset/Rest_set/3459857_d0a74_604c9d55c53ca.jpg,0.158763849891788,0.494153643088894,23,105.604919,0,0.4507335354663973,0.5,0.0
393,3459857_d0b46_604c9e2086531.jpg,8459,8459,Kartaview_Dataset/Rest_set/3459857_d0b46_604c9e2086531.jpg,0.176146734097897,0.480220603225171,23,87.8125,0,0.564081397218111,1.0,0.0
394,3459857_d198e_604c9d460a4bb.jpg,8460,8460,Kartaview_Dataset/Rest_set/3459857_d198e_604c9d460a4bb.jpg,0.166679906826496,0.496224227828244,23,89.501465,0,0.5755854258566898,0.5,0.0
395,3459857_d50b5_604c9dfeef05c.jpg,8464,8464,Kartaview_Dataset/Rest_set/3459857_d50b5_604c9dfeef05c.jpg,0.155027745313243,0.46159613836378,23,87.582642,0,0.6338169394628193,1.0,0.0
396,3459857_d990b_604c9d3ecfdf0.jpg,8468,8468,Kartaview_Dataset/Rest_set/3459857_d990b_604c9d3ecfdf0.jpg,0.226918616140622,0.565394456326816,23,72.322815,0,0.636414150667013,0.5,0.0
397,3459857_dc68c_604c9e2ce37b8.jpg,8470,8470,Kartaview_Dataset/Rest_set/3459857_dc68c_604c9e2ce37b8.jpg,0.185265046730453,0.501656381409138,23,65.739624,0,0.595398890676153,0.5,0.0
398,3459857_e32a5_604c9e1bd3cb8.jpg,8472,8472,Kartaview_Dataset/Rest_set/3459857_e32a5_604c9e1bd3cb8.jpg,0.263352136221358,0.486270390551845,23,132.497192,0,0.7813514261894681,1.0,0.0
399,3459857_e69c7_604c9dcb3c5e8.jpg,8476,8476,Kartaview_Dataset/Rest_set/3459857_e69c7_604c9dcb3c5e8.jpg,0.178772782214073,0.385001347564536,23,67.831543,0,0.7598376723690233,1.0,0.0
400,3459857_eecbc_604c9e1f04d2b.jpg,8482,8482,Kartaview_Dataset/Rest_set/3459857_eecbc_604c9e1f04d2b.jpg,0.127527404937447,0.468148670921285,23,82.26709,0,0.5827786215509495,0.5,0.0
401,3459857_f4910_604c9d2535b91.jpg,8487,8487,Kartaview_Dataset/Rest_set/3459857_f4910_604c9d2535b91.jpg,0.216010017217791,0.430543845949186,23,143.998657,0,0.9642884145500876,1.0,0.0
402,3461317_0fc4c_604d617c2b146.jpg,8503,8503,Kartaview_Dataset/Rest_set/3461317_0fc4c_604d617c2b146.jpg,0.0773728619634375,0.516170342523263,23,93.522095,0,0.8755069479600526,1.0,0.0
403,3461317_18704_604d61871df3d.jpg,8509,8509,Kartaview_Dataset/Rest_set/3461317_18704_604d61871df3d.jpg,0.195998765208869,0.486539903459094,23,77.004944,0,0.6590389906070172,1.0,0.0
404,3461317_4b884_604d612a52060.jpg,8551,8551,Kartaview_Dataset/Rest_set/3461317_4b884_604d612a52060.jpg,0.0751129554458785,0.520423377134939,23,86.266113,0,0.6523818380196439,1.0,0.0
405,3461317_6e87b_604d6188a08f7.jpg,8582,8582,Kartaview_Dataset/Rest_set/3461317_6e87b_604d6188a08f7.jpg,0.104940001338373,0.658842442063363,23,82.980713,0,0.5965219080019579,1.0,0.0
406,3461317_99eea_604d61370da1d.jpg,8616,8616,Kartaview_Dataset/Rest_set/3461317_99eea_604d61370da1d.jpg,0.117541463036066,0.498523725774072,23,105.117004,0,0.6390465994811436,1.0,0.0
407,3461317_cfa6b_604d6183efb53.jpg,8654,8654,Kartaview_Dataset/Rest_set/3461317_cfa6b_604d6183efb53.jpg,0.127457126408352,0.480295323951059,23,73.775085,0,0.842271857993906,1.0,0.0
408,3461317_f97e1_604d610c87cc7.jpg,8692,8692,Kartaview_Dataset/Rest_set/3461317_f97e1_604d610c87cc7.jpg,0.0636241856138538,0.528702260798657,23,100.614075,0,0.9445669628683532,1.0,0.0
409,3461585_1ddfc_604d962231b1e.jpg,8704,8704,Kartaview_Dataset/Rest_set/3461585_1ddfc_604d962231b1e.jpg,0.216134157009525,0.437486394781124,23,68.773865,0,0.5918472459226467,1.0,0.0
410,3461585_8d850_604d96700c6f9.jpg,8736,8736,Kartaview_Dataset/Rest_set/3461585_8d850_604d96700c6f9.jpg,0.105660360415761,0.474824730227946,23,81.110901,0,0.668443371651685,1.0,0.0
411,3461585_cee0f_604d96656acb9.jpg,8755,8755,Kartaview_Dataset/Rest_set/3461585_cee0f_604d96656acb9.jpg,0.11960946034943,0.428222752417842,23,109.985779,0,0.5359727728826317,1.0,0.0
412,3461585_d45f4_604d96a7b61a8.jpg,8758,8758,Kartaview_Dataset/Rest_set/3461585_d45f4_604d96a7b61a8.jpg,0.149525129570783,0.439621766277025,23,79.647308,0,0.7884017610239996,1.0,0.0
413,3461585_e46bd_604d961e02687.jpg,8763,8763,Kartaview_Dataset/Rest_set/3461585_e46bd_604d961e02687.jpg,0.185734308037742,0.417434461717074,23,64.696716,0,0.6546650363926765,1.0,0.0
414,3461585_e4c18_604d96a09db91.jpg,8764,8764,Kartaview_Dataset/Rest_set/3461585_e4c18_604d96a09db91.jpg,0.134940711335297,0.441893189961681,23,87.828918,0,0.6620204293602068,1.0,0.0
415,3493677_1d5b7_6071626023c87.jpg,8791,8791,Kartaview_Dataset/Rest_set/3493677_1d5b7_6071626023c87.jpg,0.060846168112968,0.327720784628089,23,91.143677,0,0.6200165444458361,1.0,0.0
416,3493677_805f5_60716255277d8.jpg,8859,8859,Kartaview_Dataset/Rest_set/3493677_805f5_60716255277d8.jpg,0.125872238732099,0.369580371858706,23,74.972046,0,0.5980494115009221,1.0,0.0
417,3493677_84ef1_6071631fbeb44.jpg,8863,8863,Kartaview_Dataset/Rest_set/3493677_84ef1_6071631fbeb44.jpg,0.0586783711008893,0.378469978680838,23,68.236267,0,0.6551715376976547,1.0,0.0
418,3493677_93a75_607162f227f57.jpg,8878,8878,Kartaview_Dataset/Rest_set/3493677_93a75_607162f227f57.jpg,0.110518631683187,0.370734008037013,23,66.546448,0,0.6130646614161513,1.0,0.0
419,3493677_be735_6071626c0eb59.jpg,8915,8915,Kartaview_Dataset/Rest_set/3493677_be735_6071626c0eb59.jpg,0.159972649232886,0.362095341918586,23,98.452576,0,0.5584666730165789,1.0,0.8135
420,3493677_c6377_607162ee88e77.jpg,8924,8924,Kartaview_Dataset/Rest_set/3493677_c6377_607162ee88e77.jpg,0.11280637776372,0.355023651485258,23,85.726929,0,0.649051279230401,1.0,0.0
421,3493677_df199_607162bcb5b8f.jpg,8940,8940,Kartaview_Dataset/Rest_set/3493677_df199_607162bcb5b8f.jpg,0.173704635802684,0.476935050844647,23,87.711884,0,0.5104854087762384,1.0,0.0
422,3493677_e5bb4_60716351e0c52.jpg,8946,8946,Kartaview_Dataset/Rest_set/3493677_e5bb4_60716351e0c52.jpg,0.402917252537092,0.562232430695447,23,95.338745,0,0.7893058501266172,1.0,0.80474
423,3493677_fa715_607162b39aa2f.jpg,8963,8963,Kartaview_Dataset/Rest_set/3493677_fa715_607162b39aa2f.jpg,0.0854779567423772,0.583414676705447,23,80.322601,0,0.5958137830739321,1.0,0.0
424,3548573_2b0a8_608d8eea42a3b.jpg,9009,9009,Kartaview_Dataset/Rest_set/3548573_2b0a8_608d8eea42a3b.jpg,0.0762599175244389,0.332922297355664,23,80.593292,0,0.6453231584029888,1.0,0.0
425,3548573_331f0_608d8fe0ad368.jpg,9016,9016,Kartaview_Dataset/Rest_set/3548573_331f0_608d8fe0ad368.jpg,0.109592854051777,0.385543828672718,23,107.975952,0,0.5906378422187429,1.0,0.0
426,3548573_3de8d_608d8ed63a5f2.jpg,9025,9025,Kartaview_Dataset/Rest_set/3548573_3de8d_608d8ed63a5f2.jpg,0.123672291793767,0.338603663993421,23,89.107269,0,0.6864845603265152,1.0,0.813733
427,3548573_601f2_608d8f5424354.jpg,9048,9048,Kartaview_Dataset/Rest_set/3548573_601f2_608d8f5424354.jpg,0.145548455542003,0.376313875422841,23,60.531219,0,0.5075608932250576,1.0,0.0
428,3548573_a3042_608d8f4c475b1.jpg,9098,9098,Kartaview_Dataset/Rest_set/3548573_a3042_608d8f4c475b1.jpg,0.139747942850046,0.401823444858696,23,61.237793,0,0.5927844876826954,1.0,0.0
429,3548573_ab3ba_608d8faa78735.jpg,9107,9107,Kartaview_Dataset/Rest_set/3548573_ab3ba_608d8faa78735.jpg,0.0879711944902644,0.331402831958702,23,86.984894,0,0.648651992960273,1.0,0.0
430,3548573_c2339_608d8f4feb76b.jpg,9122,9122,Kartaview_Dataset/Rest_set/3548573_c2339_608d8f4feb76b.jpg,0.114378972430132,0.401544429893819,23,54.90799,0,0.5155642477501078,1.0,0.0
431,3548573_cee5c_608d8f521cfd5.jpg,9130,9130,Kartaview_Dataset/Rest_set/3548573_cee5c_608d8f521cfd5.jpg,0.165775757448142,0.399408194574498,23,69.923126,0,0.5299056859018035,0.5,0.0
432,3548573_f0404_608d8ee4e1ad7.jpg,9155,9155,Kartaview_Dataset/Rest_set/3548573_f0404_608d8ee4e1ad7.jpg,0.103435933804412,0.392135233284153,23,64.98996,0,0.5803154950972758,1.0,0.0
433,3548573_f7864_608d8ee1406c3.jpg,9165,9165,Kartaview_Dataset/Rest_set/3548573_f7864_608d8ee1406c3.jpg,0.0783136677079866,0.358094111834035,23,85.481171,0,0.7179715920467052,1.0,0.0
434,3640973_33ff3_60bc3a23706ab.jpg,9596,9596,Kartaview_Dataset/Rest_set/3640973_33ff3_60bc3a23706ab.jpg,0.0656326587046514,0.438540691266054,23,109.453003,0,0.5157352673166631,1.0,0.0
435,3640973_461b6_60bc3a78032b6.jpg,9601,9601,Kartaview_Dataset/Rest_set/3640973_461b6_60bc3a78032b6.jpg,0.129428211999631,0.37538612906904,23,120.311035,0,0.5453156101702811,1.0,0.0
436,3640973_9f3b3_60bc3a7a07ffb.jpg,9648,9648,Kartaview_Dataset/Rest_set/3640973_9f3b3_60bc3a7a07ffb.jpg,0.127173124315343,0.361920849587611,23,133.183502,0,0.5602810845817704,0.5,0.0
437,3640973_d440d_60bc3a7048cfa.jpg,9667,9667,Kartaview_Dataset/Rest_set/3640973_d440d_60bc3a7048cfa.jpg,0.147658871881487,0.372425806206398,23,76.357086,0,0.6164524458635413,1.0,0.0
438,3640973_deab2_60bc3a1dbde79.jpg,9676,9676,Kartaview_Dataset/Rest_set/3640973_deab2_60bc3a1dbde79.jpg,0.114074501927387,0.381191886279374,23,103.545959,0,0.6539560642630105,1.0,0.0
439,3641033_6e7e2_60bc3e464fa4f.jpg,9768,9768,Kartaview_Dataset/Rest_set/3641033_6e7e2_60bc3e464fa4f.jpg,0.116164948357129,0.342212718244987,23,98.995605,0,0.9435661546524152,1.0,0.0
440,3641033_a85ce_60bc3e2b7549e.jpg,9820,9820,Kartaview_Dataset/Rest_set/3641033_a85ce_60bc3e2b7549e.jpg,0.12249922493221,0.423927390458552,23,83.175781,0,0.5837838515698243,1.0,0.0
441,3641033_ac73f_60bc3e365349b.jpg,9822,9822,Kartaview_Dataset/Rest_set/3641033_ac73f_60bc3e365349b.jpg,0.115390149757108,0.462591694856104,23,102.128174,0,0.7236897580832982,1.0,0.0
442,3641033_ffcd1_60bc3f41c6de7.jpg,9892,9892,Kartaview_Dataset/Rest_set/3641033_ffcd1_60bc3f41c6de7.jpg,0.192983993444366,0.400709112646029,23,83.539093,0,0.7039601265718973,1.0,0.0
443,367210_24228_5928428d6209d.jpg,9908,9908,Kartaview_Dataset/Rest_set/367210_24228_5928428d6209d.jpg,0.251080335892752,0.3412521466012,23,117.668884,0,0.8002512400203697,1.0,0.0
444,367210_2de24_5928429d4d82f.jpg,9913,9913,Kartaview_Dataset/Rest_set/367210_2de24_5928429d4d82f.jpg,0.122855306800957,0.361947628113651,23,87.606567,0,0.6854034026918954,1.0,0.0
445,367210_71458_592842b665bd3.jpg,9953,9953,Kartaview_Dataset/Rest_set/367210_71458_592842b665bd3.jpg,0.0738835481150466,0.462983006865669,23,118.612854,0,0.6963414951942515,1.0,0.0
446,367210_72d9b_592842a5dab0d.jpg,9954,9954,Kartaview_Dataset/Rest_set/367210_72d9b_592842a5dab0d.jpg,0.124158515394172,0.354915673557674,23,117.835693,0,0.5733631433851994,1.0,0.802316
447,367210_8b17c_5928428ba19f1.jpg,9975,9975,Kartaview_Dataset/Rest_set/367210_8b17c_5928428ba19f1.jpg,0.134467817624721,0.327879728137493,23,94.907532,0,0.747167017741275,1.0,0.0
448,367210_9c4a2_592842b6d36fe.jpg,9983,9983,Kartaview_Dataset/Rest_set/367210_9c4a2_592842b6d36fe.jpg,0.0730460315691671,0.436983649550294,23,84.658081,0,0.6981366826230629,1.0,0.0
449,367210_c2e49_592842a05f73c.jpg,10008,10008,Kartaview_Dataset/Rest_set/367210_c2e49_592842a05f73c.jpg,0.103134138584966,0.363329313675016,23,66.979065,0,0.7295377879375281,1.0,0.0
450,367210_fba95_592842aaa4b6f.jpg,10036,10036,Kartaview_Dataset/Rest_set/367210_fba95_592842aaa4b6f.jpg,0.0942994857420893,0.341328163062219,23,90.738617,0,0.4987402017124985,1.0,0.0
451,47421_37216_58933d546aa0e.jpg,10122,10122,Kartaview_Dataset/Rest_set/47421_37216_58933d546aa0e.jpg,0.068025079813837,0.386281101962261,23,95.430298,0,0.5667145075171734,1.0,0.0
452,47421_57db8_58933e3831a30.jpg,10132,10132,Kartaview_Dataset/Rest_set/47421_57db8_58933e3831a30.jpg,0.06406625540816,0.428558779728483,23,80.24115,0,0.6215338893117239,1.0,0.0
453,47421_a09e8_58933f4b59000.jpg,10178,10178,Kartaview_Dataset/Rest_set/47421_a09e8_58933f4b59000.jpg,0.137224333159217,0.388915331483599,23,103.535095,0,0.704080044434227,1.0,0.0
454,47421_deff3_58933ee901ec8.jpg,10221,10221,Kartaview_Dataset/Rest_set/47421_deff3_58933ee901ec8.jpg,0.0230525572664164,0.503867769366057,23,130.974762,0,0.6378649644836967,1.0,0.0
455,51004_007bb_58bcadef128f2.jpg,10390,10390,Kartaview_Dataset/Rest_set/51004_007bb_58bcadef128f2.jpg,0.0412950980647858,0.364992173759809,23,114.592285,0,0.547333260896703,1.0,0.0
456,51004_a0475_58bcad25cb82d.jpg,10488,10488,Kartaview_Dataset/Rest_set/51004_a0475_58bcad25cb82d.jpg,0.145744741576141,0.820050464564236,23,81.944641,0,0.6463148508279752,1.0,0.0
457,51004_be256_58bcade5213c6.jpg,10503,10503,Kartaview_Dataset/Rest_set/51004_be256_58bcade5213c6.jpg,0.0705026978952586,0.365867658796659,23,87.524841,0,0.558219118650639,1.0,0.0
458,51004_e9433_58bcade7a6d0f.jpg,10529,10529,Kartaview_Dataset/Rest_set/51004_e9433_58bcade7a6d0f.jpg,0.0677225069344008,0.367419517571896,23,104.687744,0,0.5122188543259795,0.5,0.0
459,51004_eb4e5_58bcadea5d04f.jpg,10530,10530,Kartaview_Dataset/Rest_set/51004_eb4e5_58bcadea5d04f.jpg,0.0405195982414409,0.386693577645632,23,101.940033,0,0.5248466983529336,1.0,0.0
460,54822_00c12_58cea16318e09.jpg,10539,10539,Kartaview_Dataset/Rest_set/54822_00c12_58cea16318e09.jpg,0.125572626942625,0.623192017580534,23,87.50238,0,0.4998707543694263,1.0,0.0
461,54822_7a085_58cea161789b8.jpg,10596,10596,Kartaview_Dataset/Rest_set/54822_7a085_58cea161789b8.jpg,0.123258895719092,0.618850009156528,23,105.640503,0,0.5329580694969595,1.0,0.0
462,54822_a2b16_58cea161af3cc.jpg,10620,10620,Kartaview_Dataset/Rest_set/54822_a2b16_58cea161af3cc.jpg,0.0837100597484811,0.630824329413878,23,94.518005,0,0.578582660521375,1.0,0.0
463,54822_a9e84_58cea141e3fdf.jpg,10627,10627,Kartaview_Dataset/Rest_set/54822_a9e84_58cea141e3fdf.jpg,0.139906432614672,0.579026021816724,23,112.613983,0,0.5868464178389776,1.0,0.0
464,54822_cef53_58cea141a3ba1.jpg,10654,10654,Kartaview_Dataset/Rest_set/54822_cef53_58cea141a3ba1.jpg,0.144268128098493,0.595610567670199,23,123.795044,0,0.5289233858914553,0.5,0.0
465,7022_506b4_575079807f146.jpg,10731,10731,Kartaview_Dataset/Rest_set/7022_506b4_575079807f146.jpg,0.137573788301383,0.350795667752781,23,120.933777,0,0.5908653871450498,1.0,0.0
